sale_id;line_id;date;time;store_id;store_type;zone;surface;open_to_clients_hours;open_days;foot_traffic_by_hour;employee_id;monthly_salary;hire_date;job_role;average_day_time_backoffice;average_day_time_frontoffice;customer_id;genre;age;has_loyalty_card;loyalty_points_used;loyalty_points_earned;product_id;product_kind;price_sold;base_price;brand;category;model;size;color;is_best_seller
V000001;L0000001;2024-08-12;18:53;S05;Standard;Peripherie;162;9h/19h;open 5/7;26;E0026;2418;2010-07-01;Sales;0,29;0,71;C0104;M;16;true;0;7;P043;shoe;78,03;86,7;Nike;Training;Elite;38;Sunny Yellow;false
V000002;L0000002;2024-12-03;10:45;S06;Standard;Peripherie;110;9h/18h;open 5/7;17;E0031;2609;2013-09-27;Sales;0,08;0,92;C0039;F;54;false;0;0;P001;shoe;91,8;91,8;Adidas;Training;Zoom;31;Classic Grey;true
V000003;L0000003;2024-08-13;13:58;S05;Standard;Peripherie;162;9h/19h;open 5/7;26;E0026;2418;2010-07-01;Sales;0,29;0,71;C0016;F;55;true;232;10;P061;shoe;109,4;132,6;Nike;Trail;Air;42;Gold;false
V000004;L0000004;2024-05-18;14:30;S01;Discount;Peripherie;249;9h/19h;open 6/7;52;E0002;2722;2005-09-17;Sales;0,21;0,79;C0166;M;16;true;0;8;P023;shoe;84,46;84,46;Jordans;Training;Zoom;37;Red Blood;true
V000005;L0000005;2024-03-20;11:44;S02;Standard;Centre-ville;113;9h/18h;open 5/7;21;E0009;2815;2013-05-02;Sales;0,06;0,94;C0126;F;21;true;0;16;P008;shoe;144;144;Asics;Training;Max;33;Sunny Yellow;false
V000005;L0000006;2024-03-20;11:44;S02;Standard;Centre-ville;113;9h/18h;open 5/7;21;E0009;2815;2013-05-02;Sales;0,06;0,94;C0126;F;21;true;0;16;A005;accessory;25;25;Accessoire;Bonnet;Bonnet;S;Classic Grey;false
V000006;L0000007;2024-05-31;17:39;S06;Standard;Peripherie;110;9h/18h;open 5/7;17;E0033;2792;2012-08-16;Sales;0,11;0,89;C0030;M;43;true;0;9;P001;shoe;91,8;91,8;Adidas;Training;Zoom;31;Classic Grey;true
V000007;L0000008;2024-12-18;17:50;S05;Standard;Peripherie;162;9h/19h;open 5/7;26;E0029;2293;2018-03-21;Sales;0,18;0,82;C0140;F;16;true;0;9;P001;shoe;93,64;93,64;Adidas;Training;Zoom;31;Classic Grey;true
V000008;L0000009;2024-07-29;09:18;S01;Discount;Peripherie;249;9h/19h;open 6/7;52;E0008;2461;2012-02-04;Sales;0,12;0,88;C0091;M;51;true;0;4;P042;shoe;48,47;55,2;Jordans;Running;Flex;40;Black;false
V000009;L0000010;2024-11-05;15:16;S01;Discount;Peripherie;249;9h/19h;open 6/7;52;E0007;2413;2007-04-19;Sales;0,3;0,7;C0091;M;51;true;0;7;P045;shoe;78,2;78,2;Asics;Training;Max;31;Red Blood;false
V000010;L0000011;2024-02-09;11:41;S05;Standard;Peripherie;162;9h/19h;open 5/7;26;E0027;2799;2020-01-04;Sales;0,08;0,92;C0188;F;47;true;0;16;P019;shoe;162,18;162,18;Adidas;Training;Elite;37;Black;false
V000011;L0000012;2024-02-08;14:38;S04;Standard;Centre-ville;127;9h/18h;open 6/7;23;E0019;2935;2017-04-01;Sales;0,1;0,9;C0155;M;30;true;0;14;P047;shoe;114;114;Jordans;Casual;Zoom;33;Pink;false
V000011;L0000013;2024-02-08;14:38;S04;Standard;Centre-ville;127;9h/18h;open 6/7;23;E0019;2935;2017-04-01;Sales;0,1;0,9;C0155;M;30;true;0;14;A002;accessory;30;30;Accessoire;Sac de sport;Sac de sport;XL;Black;false
V000012;L0000014;2024-10-12;16:16;S04;Standard;Centre-ville;127;9h/18h;open 6/7;23;E0018;2458;2012-12-28;Support;0,21;0,79;C0098;F;44;true;0;19;P050;shoe;144,72;144,72;New Balance;Training;Pro;35;Black;true
V000012;L0000015;2024-10-12;16:16;S04;Standard;Centre-ville;127;9h/18h;open 6/7;23;E0018;2458;2012-12-28;Support;0,21;0,79;C0098;F;44;true;0;19;A006;accessory;20;20;Accessoire;Chaussettes;Chaussettes;L;Classic Grey;false
V000012;L0000016;2024-10-12;16:16;S04;Standard;Centre-ville;127;9h/18h;open 6/7;23;E0018;2458;2012-12-28;Support;0,21;0,79;C0098;F;44;true;0;19;A008;accessory;35;35;Accessoire;Lacets;Lacets;XS;Black;false
V000013;L0000017;2024-07-05;12:56;S03;Premium;Centre-ville;55;9h/19h;open 5/7;6;E0016;2967;2013-04-16;Sales;0,04;0,96;C0081;F;42;true;0;8;P033;shoe;85;85;Adidas;Basketball;Pro;38;Brown Bear;false
V000014;L0000018;2024-12-13;14:02;S01;Discount;Peripherie;249;9h/19h;open 6/7;52;E0005;2340;2021-03-17;Support;0,12;0,88;C0083;F;30;true;0;5;P042;shoe;55,2;55,2;Jordans;Running;Flex;40;Black;false
V000015;L0000019;2024-09-06;15:19;S06;Standard;Peripherie;110;9h/18h;open 5/7;17;E0031;2609;2013-09-27;Sales;0,08;0,92;C0110;F;50;true;0;15;P044;shoe;60;60;Adidas;Basketball;Max;31;Pink;false
V000015;L0000020;2024-09-06;15:19;S06;Standard;Peripherie;110;9h/18h;open 5/7;17;E0031;2609;2013-09-27;Sales;0,08;0,92;C0110;F;50;true;0;15;P001;shoe;91,8;91,8;Adidas;Training;Zoom;31;Classic Grey;true
V000016;L0000021;2024-09-10;15:59;S06;Standard;Peripherie;110;9h/18h;open 5/7;17;E0035;2751;2007-08-16;Support;0,28;0,72;C0010;M;26;true;0;6;P048;shoe;60;60;Reebok;Basketball;Flex;40;Pink;false
V000017;L0000022;2024-08-01;11:52;S04;Standard;Centre-ville;127;9h/18h;open 6/7;23;E0019;2935;2017-04-01;Sales;0,1;0,9;C0140;F;16;true;0;13;P002;shoe;139;139;Jordans;Casual;Air;41;Pink;false
V000018;L0000023;2024-04-10;13:39;S02;Standard;Centre-ville;113;9h/18h;open 5/7;21;E0009;2815;2013-05-02;Sales;0,06;0,94;C0212;F;32;true;238;9;P008;shoe;98,17;144;Asics;Training;Max;33;Sunny Yellow;false
V000019;L0000024;2024-10-21;10:06;S03;Premium;Centre-ville;55;9h/19h;open 5/7;6;E0016;2967;2013-04-16;Sales;0,04;0,96;C0170;F;52;false;0;0;P017;shoe;220,15;259;Adidas;Limited Edition;Air;38;White;false
V000020;L0000025;2024-09-18;09:21;S01;Discount;Peripherie;249;9h/19h;open 6/7;52;E0001;2586;2013-03-21;Sales;0,24;0,76;C0152;F;30;true;0;7;P051;shoe;79,49;79,49;Puma;Training;Air;35;Gold;true
V000021;L0000026;2024-10-28;15:44;S01;Discount;Peripherie;249;9h/19h;open 6/7;52;E0006;2650;2014-04-09;Sales;0,29;0,71;C0231;M;29;true;0;20;P025;shoe;203,77;211,6;Puma;Limited Edition;Zoom;30;Red Blood;false
V000022;L0000027;2024-04-25;17:56;S05;Standard;Peripherie;162;9h/19h;open 5/7;26;E0027;2799;2020-01-04;Sales;0,08;0,92;C0105;M;63;true;0;11;P001;shoe;93,64;93,64;Adidas;Training;Zoom;31;Classic Grey;true
V000022;L0000028;2024-04-25;17:56;S05;Standard;Peripherie;162;9h/19h;open 5/7;26;E0027;2799;2020-01-04;Sales;0,08;0,92;C0105;M;63;true;0;11;A007;accessory;20,4;20,4;Accessoire;Bonnet;Bonnet;M;White;false
V000023;L0000029;2024-06-14;09:12;S01;Discount;Peripherie;249;9h/19h;open 6/7;52;E0003;2555;2009-09-01;Sales;0,29;0,71;C0151;M;44;true;0;11;P052;shoe;118,68;118,68;Jordans;Casual;Zoom;38;Black;false
V000024;L0000030;2024-12-30;10:51;S06;Standard;Peripherie;110;9h/18h;open 5/7;17;E0035;2751;2007-08-16;Support;0,28;0,72;C0088;M;38;false;0;0;P039;shoe;144,72;144,72;Adidas;Training;Flex;35;Light Green;true
V000025;L0000031;2024-03-07;17:45;S02;Standard;Centre-ville;113;9h/18h;open 5/7;21;E0009;2815;2013-05-02;Sales;0,06;0,94;C0210;M;40;false;0;0;P053;shoe;72;80;New Balance;Casual;Flex;44;Premium Black;false
V000026;L0000032;2024-04-20;16:35;S01;Discount;Peripherie;249;9h/19h;open 6/7;52;E0005;2340;2021-03-17;Support;0,12;0,88;C0253;F;56;true;0;14;P005;shoe;146,28;146,28;Asics;Casual;Zoom;36;Gold;false
V000027;L0000033;2024-10-08;13:25;S06;Standard;Peripherie;110;9h/18h;open 5/7;17;E0033;2792;2012-08-16;Sales;0,11;0,89;C0198;M;16;true;0;11;P032;shoe;114;114;Reebok;Basketball;Pro;32;Brown Bear;false
V000028;L0000034;2024-10-23;13:22;S04;Standard;Centre-ville;127;9h/18h;open 6/7;23;E0019;2935;2017-04-01;Sales;0,1;0,9;C0085;M;36;true;0;8;P011;shoe;85;85;Reebok;Trail;Max;42;Red Blood;false
V000029;L0000035;2024-10-15;17:51;S01;Discount;Peripherie;249;9h/19h;open 6/7;52;E0003;2555;2009-09-01;Sales;0,29;0,71;C0184;M;54;true;0;16;P030;shoe;163,94;163,94;Asics;Limited Edition;Pro;33;Deep Purple;true
V000030;L0000036;2024-08-06;10:10;S05;Standard;Peripherie;162;9h/19h;open 5/7;26;E0027;2799;2020-01-04;Sales;0,08;0,92;C0003;F;34;true;0;23;P017;shoe;237,76;264,18;Adidas;Limited Edition;Air;38;White;false
V000031;L0000037;2024-03-22;13:29;S02;Standard;Centre-ville;113;9h/18h;open 5/7;21;E0012;2633;2016-06-22;Sales;0,28;0,72;C0201;M;30;true;0;11;P063;shoe;112,32;112,32;Asics;Basketball;Zoom;30;Light Green;true
V000032;L0000038;2024-06-26;12:33;S01;Discount;Peripherie;249;9h/19h;open 6/7;52;E0003;2555;2009-09-01;Sales;0,29;0,71;C0153;F;31;true;0;29;P030;shoe;163,94;163,94;Asics;Limited Edition;Pro;33;Deep Purple;true
V000032;L0000039;2024-06-26;12:33;S01;Discount;Peripherie;249;9h/19h;open 6/7;52;E0003;2555;2009-09-01;Sales;0,29;0,71;C0153;F;31;true;0;29;P008;shoe;132,48;132,48;Asics;Training;Max;33;Sunny Yellow;false
V000033;L0000040;2024-11-12;17:50;S02;Standard;Centre-ville;113;9h/18h;open 5/7;21;E0012;2633;2016-06-22;Sales;0,28;0,72;C0056;M;49;true;0;13;P057;shoe;139;139;New Balance;Trail;Max;45;White;false
V000034;L0000041;2024-08-19;12:08;S06;Standard;Peripherie;110;9h/18h;open 5/7;17;E0031;2609;2013-09-27;Sales;0,08;0,92;C0001;M;57;true;0;11;P015;shoe;110;110;Adidas;Basketball;Pro;40;Classic Grey;false
V000035;L0000042;2024-04-04;12:53;S04;Standard;Centre-ville;127;9h/18h;open 6/7;23;E0021;1926;2022-05-21;Sales;0,14;0,86;C0131;F;20;true;0;13;P028;shoe;135,15;159;New Balance;Trail;Elite;42;White;false
V000036;L0000043;2024-12-13;12:19;S01;Discount;Peripherie;249;9h/19h;open 6/7;52;E0005;2340;2021-03-17;Support;0,12;0,88;C0148;F;30;true;0;7;P051;shoe;79,49;79,49;Puma;Training;Air;35;Gold;true
V000037;L0000044;2024-06-12;14:59;S02;Standard;Centre-ville;113;9h/18h;open 5/7;21;E0012;2633;2016-06-22;Sales;0,28;0,72;C0016;F;55;true;0;13;P005;shoe;135,15;159;Asics;Casual;Zoom;36;Gold;false
V000038;L0000045;2024-04-03;18:02;S01;Discount;Peripherie;249;9h/19h;open 6/7;52;E0007;2413;2007-04-19;Sales;0,3;0,7;C0151;M;44;true;0;13;P046;shoe;133,4;133,4;Jordans;Running;Pro;41;Light Green;false
V000039;L0000046;2024-11-01;13:57;S05;Standard;Peripherie;162;9h/19h;open 5/7;26;E0029;2293;2018-03-21;Sales;0,18;0,82;C0162;F;21;false;0;0;P033;shoe;86,7;86,7;Adidas;Basketball;Pro;38;Brown Bear;false
V000040;L0000047;2024-02-22;15:10;S01;Discount;Peripherie;249;9h/19h;open 6/7;52;E0008;2461;2012-02-04;Sales;0,12;0,88;C0083;F;30;true;0;26;P031;shoe;229,08;229,08;Jordans;Limited Edition;Air;45;Brown Bear;false
V000040;L0000048;2024-02-22;15:10;S01;Discount;Peripherie;249;9h/19h;open 6/7;52;E0008;2461;2012-02-04;Sales;0,12;0,88;C0083;F;30;true;0;26;A008;accessory;32,2;32,2;Accessoire;Lacets;Lacets;XS;Black;false
V000041;L0000049;2024-10-18;11:11;S02;Standard;Centre-ville;113;9h/18h;open 5/7;21;E0009;2815;2013-05-02;Sales;0,06;0,94;C0229;M;52;true;0;27;P026;shoe;275;275;Asics;Limited Edition;Flex;40;Premium Black;false
V000042;L0000050;2024-03-22;18:48;S05;Standard;Peripherie;162;9h/19h;open 5/7;26;E0026;2418;2010-07-01;Sales;0,29;0,71;C0112;F;43;false;0;0;P023;shoe;93,64;93,64;Jordans;Training;Zoom;37;Red Blood;true
V000043;L0000051;2024-08-01;09:17;S06;Standard;Peripherie;110;9h/18h;open 5/7;17;E0031;2609;2013-09-27;Sales;0,08;0,92;C0149;F;42;true;0;25;P017;shoe;259;259;Adidas;Limited Edition;Air;38;White;false
V000044;L0000052;2024-05-08;14:02;S04;Standard;Centre-ville;127;9h/18h;open 6/7;23;E0021;1926;2022-05-21;Sales;0,14;0,86;C0256;F;17;true;0;3;P056;shoe;37,8;37,8;Reebok;Casual;Max;34;White;true
V000045;L0000053;2024-11-09;15:02;S01;Discount;Peripherie;249;9h/19h;open 6/7;52;E0003;2555;2009-09-01;Sales;0,29;0,71;C0096;F;24;true;0;23;P025;shoe;211,6;211,6;Puma;Limited Edition;Zoom;30;Red Blood;false
V000045;L0000054;2024-11-09;15:02;S01;Discount;Peripherie;249;9h/19h;open 6/7;52;E0003;2555;2009-09-01;Sales;0,29;0,71;C0096;F;24;true;0;23;A003;accessory;23;23;Accessoire;Chaussettes;Chaussettes;M;White;false
V000046;L0000055;2024-07-12;10:26;S03;Premium;Centre-ville;55;9h/19h;open 5/7;6;E0014;1993;2022-02-01;Sales;0,12;0,88;C0112;F;43;false;0;0;P039;shoe;144,72;144,72;Adidas;Training;Flex;35;Light Green;true
V000047;L0000056;2024-12-17;17:19;S04;Standard;Centre-ville;127;9h/18h;open 6/7;23;E0020;2269;2013-07-19;Support;0,28;0,72;C0197;M;22;true;0;6;P048;shoe;60;60;Reebok;Basketball;Flex;40;Pink;false
V000048;L0000057;2024-06-06;11:03;S06;Standard;Peripherie;110;9h/18h;open 5/7;17;E0032;2589;2017-11-13;Sales;0,25;0,75;C0216;F;38;true;0;9;P056;shoe;37,8;37,8;Reebok;Casual;Max;34;White;true
V000048;L0000058;2024-06-06;11:03;S06;Standard;Peripherie;110;9h/18h;open 5/7;17;E0032;2589;2017-11-13;Sales;0,25;0,75;C0216;F;38;true;0;9;P041;shoe;54;54;Reebok;Basketball;Max;34;Deep Purple;false
V000049;L0000059;2024-11-16;10:45;S01;Discount;Peripherie;249;9h/19h;open 6/7;52;E0003;2555;2009-09-01;Sales;0,29;0,71;C0084;M;29;true;0;14;P020;shoe;148,5;157,98;Asics;Basketball;Zoom;41;Black;true
V000050;L0000060;2024-01-09;14:44;S02;Standard;Centre-ville;113;9h/18h;open 5/7;21;E0012;2633;2016-06-22;Sales;0,28;0,72;C0118;F;39;true;0;17;P020;shoe;171,72;171,72;Asics;Basketball;Zoom;41;Black;true
V000051;L0000061;2024-08-07;15:46;S01;Discount;Peripherie;249;9h/19h;open 6/7;52;E0003;2555;2009-09-01;Sales;0,29;0,71;C0085;M;36;true;0;9;P007;shoe;91,08;91,08;Jordans;Running;Zoom;44;Premium Black;false
V000052;L0000062;2024-08-19;13:49;S01;Discount;Peripherie;249;9h/19h;open 6/7;52;E0002;2722;2005-09-17;Sales;0,21;0,79;C0253;F;56;true;0;17;P002;shoe;127,88;127,88;Jordans;Casual;Air;41;Pink;false
V000052;L0000063;2024-08-19;13:49;S01;Discount;Peripherie;249;9h/19h;open 6/7;52;E0002;2722;2005-09-17;Sales;0,21;0,79;C0253;F;56;true;0;17;A002;accessory;23,13;27,6;Accessoire;Sac de sport;Sac de sport;XL;Black;false
V000052;L0000064;2024-08-19;13:49;S01;Discount;Peripherie;249;9h/19h;open 6/7;52;E0002;2722;2005-09-17;Sales;0,21;0,79;C0253;F;56;true;0;17;A004;accessory;27,6;27,6;Accessoire;Tee-shirt;Tee-shirt;XL;White;false
V000053;L0000065;2024-11-06;15:03;S04;Standard;Centre-ville;127;9h/18h;open 6/7;23;E0021;1926;2022-05-21;Sales;0,14;0,86;C0236;M;48;true;0;8;P053;shoe;80;80;New Balance;Casual;Flex;44;Premium Black;false
V000054;L0000066;2024-04-26;09:25;S02;Standard;Centre-ville;113;9h/18h;open 5/7;21;E0009;2815;2013-05-02;Sales;0,06;0,94;C0001;M;57;true;0;30;P026;shoe;275;275;Asics;Limited Edition;Flex;40;Premium Black;false
V000054;L0000067;2024-04-26;09:25;S02;Standard;Centre-ville;113;9h/18h;open 5/7;21;E0009;2815;2013-05-02;Sales;0,06;0,94;C0001;M;57;true;0;30;A005;accessory;25;25;Accessoire;Bonnet;Bonnet;S;Classic Grey;false
V000055;L0000068;2024-04-03;16:05;S01;Discount;Peripherie;249;9h/19h;open 6/7;52;E0001;2586;2013-03-21;Sales;0,24;0,76;C0252;M;30;true;159;21;P031;shoe;213,18;229,08;Jordans;Limited Edition;Air;45;Brown Bear;false
V000056;L0000069;2024-06-25;17:15;S04;Standard;Centre-ville;127;9h/18h;open 6/7;23;E0020;2269;2013-07-19;Support;0,28;0,72;C0239;F;54;true;0;14;P024;shoe;149;149;New Balance;Running;Max;37;Premium Black;false
V000057;L0000070;2024-08-28;10:51;S06;Standard;Peripherie;110;9h/18h;open 5/7;17;E0033;2792;2012-08-16;Sales;0,11;0,89;C0162;F;21;false;0;0;P035;shoe;60;60;Adidas;Training;Zoom;45;Sunny Yellow;false
V000057;L0000071;2024-08-28;10:51;S06;Standard;Peripherie;110;9h/18h;open 5/7;17;E0033;2792;2012-08-16;Sales;0,11;0,89;C0162;F;21;false;0;0;A002;accessory;27,78;30;Accessoire;Sac de sport;Sac de sport;XL;Black;false
V000058;L0000072;2024-04-23;14:25;S02;Standard;Centre-ville;113;9h/18h;open 5/7;21;E0012;2633;2016-06-22;Sales;0,28;0,72;C0014;M;33;true;0;14;P050;shoe;144,72;144,72;New Balance;Training;Pro;35;Black;true
V000059;L0000073;2024-01-20;10:47;S01;Discount;Peripherie;249;9h/19h;open 6/7;52;E0008;2461;2012-02-04;Sales;0,12;0,88;C0242;M;35;true;0;10;P063;shoe;103,33;103,33;Asics;Basketball;Zoom;30;Light Green;true
V000060;L0000074;2024-04-01;16:06;S05;Standard;Peripherie;162;9h/19h;open 5/7;26;E0024;2857;2013-06-13;Sales;0,02;0,98;C0085;M;36;true;0;29;P017;shoe;264,18;264,18;Adidas;Limited Edition;Air;38;White;false
V000060;L0000075;2024-04-01;16:06;S05;Standard;Peripherie;162;9h/19h;open 5/7;26;E0024;2857;2013-06-13;Sales;0,02;0,98;C0085;M;36;true;0;29;A008;accessory;30,1;35,7;Accessoire;Lacets;Lacets;XS;Black;false
V000061;L0000076;2024-10-17;12:37;S01;Discount;Peripherie;249;9h/19h;open 6/7;52;E0007;2413;2007-04-19;Sales;0,3;0,7;C0247;F;54;false;0;0;P013;shoe;62,56;78,2;Puma;Trail;Pro;45;Light Green;false
V000062;L0000077;2024-10-26;13:56;S04;Standard;Centre-ville;127;9h/18h;open 6/7;23;E0021;1926;2022-05-21;Sales;0,14;0,86;C0098;F;44;true;0;24;P031;shoe;249;249;Jordans;Limited Edition;Air;45;Brown Bear;false
V000063;L0000078;2024-05-31;13:24;S02;Standard;Centre-ville;113;9h/18h;open 5/7;21;E0009;2815;2013-05-02;Sales;0,06;0,94;C0076;F;41;true;0;11;P063;shoe;112,32;112,32;Asics;Basketball;Zoom;30;Light Green;true
V000064;L0000079;2024-11-18;09:31;S01;Discount;Peripherie;249;9h/19h;open 6/7;52;E0005;2340;2021-03-17;Support;0,12;0,88;C0186;F;49;true;0;11;P052;shoe;118,68;118,68;Jordans;Casual;Zoom;38;Black;false
V000065;L0000080;2024-12-23;17:11;S05;Standard;Peripherie;162;9h/19h;open 5/7;26;E0026;2418;2010-07-01;Sales;0,29;0,71;C0078;F;41;false;0;0;P039;shoe;125,03;147,61;Adidas;Training;Flex;35;Light Green;true
V000066;L0000081;2024-04-11;13:19;S04;Standard;Centre-ville;127;9h/18h;open 6/7;23;E0022;2460;2008-01-17;Sales;0,25;0,75;C0258;M;25;true;0;11;P056;shoe;37,8;37,8;Reebok;Casual;Max;34;White;true
V000066;L0000082;2024-04-11;13:19;S04;Standard;Centre-ville;127;9h/18h;open 6/7;23;E0022;2460;2008-01-17;Sales;0,25;0,75;C0258;M;25;true;0;11;P041;shoe;54;54;Reebok;Basketball;Max;34;Deep Purple;false
V000066;L0000083;2024-04-11;13:19;S04;Standard;Centre-ville;127;9h/18h;open 6/7;23;E0022;2460;2008-01-17;Sales;0,25;0,75;C0258;M;25;true;0;11;A005;accessory;25;25;Accessoire;Bonnet;Bonnet;S;Classic Grey;false
V000067;L0000084;2024-11-30;09:28;S04;Standard;Centre-ville;127;9h/18h;open 6/7;23;E0019;2935;2017-04-01;Sales;0,1;0,9;C0240;M;16;true;0;6;P042;shoe;60;60;Jordans;Running;Flex;40;Black;false
V000068;L0000085;2024-12-07;13:07;S04;Standard;Centre-ville;127;9h/18h;open 6/7;23;E0018;2458;2012-12-28;Support;0,21;0,79;C0240;M;16;true;0;16;P049;shoe;169;169;Puma;Casual;Elite;40;Classic Grey;false
V000069;L0000086;2024-02-01;10:51;S05;Standard;Peripherie;162;9h/19h;open 5/7;26;E0026;2418;2010-07-01;Sales;0,29;0,71;C0129;M;30;false;0;0;P042;shoe;51,22;61,2;Jordans;Running;Flex;40;Black;false
V000070;L0000087;2024-03-30;17:20;S01;Discount;Peripherie;249;9h/19h;open 6/7;52;E0007;2413;2007-04-19;Sales;0,3;0,7;C0003;F;34;true;0;22;P031;shoe;229,08;229,08;Jordans;Limited Edition;Air;45;Brown Bear;false
V000071;L0000088;2024-03-19;09:19;S01;Discount;Peripherie;249;9h/19h;open 6/7;52;E0003;2555;2009-09-01;Sales;0,29;0,71;C0003;F;34;true;0;10;P063;shoe;103,33;103,33;Asics;Basketball;Zoom;30;Light Green;true
V000072;L0000089;2024-02-19;17:56;S05;Standard;Peripherie;162;9h/19h;open 5/7;26;E0026;2418;2010-07-01;Sales;0,29;0,71;C0048;F;44;true;0;26;P017;shoe;264,18;264,18;Adidas;Limited Edition;Air;38;White;false
V000073;L0000090;2024-08-31;09:41;S04;Standard;Centre-ville;127;9h/18h;open 6/7;23;E0020;2269;2013-07-19;Support;0,28;0,72;C0137;M;29;true;0;12;P022;shoe;129,6;129,6;Puma;Casual;Flex;30;Brown Bear;true
V000074;L0000091;2024-12-31;16:30;S03;Premium;Centre-ville;55;9h/19h;open 5/7;6;E0016;2967;2013-04-16;Sales;0,04;0,96;C0149;F;42;true;0;6;P044;shoe;60;60;Adidas;Basketball;Max;31;Pink;false
V000075;L0000092;2024-02-29;09:12;S02;Standard;Centre-ville;113;9h/18h;open 5/7;21;E0009;2815;2013-05-02;Sales;0,06;0,94;C0034;M;36;true;0;17;P030;shoe;178,2;178,2;Asics;Limited Edition;Pro;33;Deep Purple;true
V000076;L0000093;2024-05-18;09:48;S01;Discount;Peripherie;249;9h/19h;open 6/7;52;E0002;2722;2005-09-17;Sales;0,21;0,79;C0170;F;52;false;0;0;P022;shoe;119,23;119,23;Puma;Casual;Flex;30;Brown Bear;true
V000077;L0000094;2024-03-09;18:27;S01;Discount;Peripherie;249;9h/19h;open 6/7;52;E0001;2586;2013-03-21;Sales;0,24;0,76;C0183;F;38;true;0;8;P042;shoe;55,2;55,2;Jordans;Running;Flex;40;Black;false
V000077;L0000095;2024-03-09;18:27;S01;Discount;Peripherie;249;9h/19h;open 6/7;52;E0001;2586;2013-03-21;Sales;0,24;0,76;C0183;F;38;true;0;8;A004;accessory;27,6;27,6;Accessoire;Tee-shirt;Tee-shirt;XL;White;false
V000078;L0000096;2024-02-08;14:23;S02;Standard;Centre-ville;113;9h/18h;open 5/7;21;E0009;2815;2013-05-02;Sales;0,06;0,94;C0238;M;28;false;0;0;P050;shoe;144,72;144,72;New Balance;Training;Pro;35;Black;true
V000079;L0000097;2024-02-23;09:21;S01;Discount;Peripherie;249;9h/19h;open 6/7;52;E0007;2413;2007-04-19;Sales;0,3;0,7;C0258;M;25;true;0;6;P045;shoe;66,47;78,2;Asics;Training;Max;31;Red Blood;false
V000080;L0000098;2024-03-20;14:36;S04;Standard;Centre-ville;127;9h/18h;open 6/7;23;E0021;1926;2022-05-21;Sales;0,14;0,86;C0236;M;48;true;0;11;P014;shoe;110;110;Reebok;Trail;Flex;37;Sunny Yellow;false
V000081;L0000099;2024-05-23;15:20;S05;Standard;Peripherie;162;9h/19h;open 5/7;26;E0030;2147;2019-05-22;Manager;0,13;0,87;C0154;M;35;true;0;10;P043;shoe;86,7;86,7;Nike;Training;Elite;38;Sunny Yellow;false
V000081;L0000100;2024-05-23;15:20;S05;Standard;Peripherie;162;9h/19h;open 5/7;26;E0030;2147;2019-05-22;Manager;0,13;0,87;C0154;M;35;true;0;10;A007;accessory;20,4;20,4;Accessoire;Bonnet;Bonnet;M;White;false
V000082;L0000101;2024-12-19;17:55;S01;Discount;Peripherie;249;9h/19h;open 6/7;52;E0008;2461;2012-02-04;Sales;0,12;0,88;C0167;F;63;false;0;0;P054;shoe;104,88;104,88;Asics;Casual;Zoom;34;Electric Blue;false
V000082;L0000102;2024-12-19;17:55;S01;Discount;Peripherie;249;9h/19h;open 6/7;52;E0008;2461;2012-02-04;Sales;0,12;0,88;C0167;F;63;false;0;0;A001;accessory;13,8;13,8;Accessoire;Tee-shirt;Tee-shirt;M;Black;false
V000082;L0000103;2024-12-19;17:55;S01;Discount;Peripherie;249;9h/19h;open 6/7;52;E0008;2461;2012-02-04;Sales;0,12;0,88;C0167;F;63;false;0;0;A007;accessory;18,4;18,4;Accessoire;Bonnet;Bonnet;M;White;false
V000083;L0000104;2024-02-26;15:56;S04;Standard;Centre-ville;127;9h/18h;open 6/7;23;E0021;1926;2022-05-21;Sales;0,14;0,86;C0003;F;34;true;0;36;P055;shoe;268,92;268,92;Jordans;Limited Edition;Air;37;Deep Purple;true
V000083;L0000105;2024-02-26;15:56;S04;Standard;Centre-ville;127;9h/18h;open 6/7;23;E0021;1926;2022-05-21;Sales;0,14;0,86;C0003;F;34;true;0;36;P023;shoe;91,8;91,8;Jordans;Training;Zoom;37;Red Blood;true
V000084;L0000106;2024-04-06;12:21;S01;Discount;Peripherie;249;9h/19h;open 6/7;52;E0008;2461;2012-02-04;Sales;0,12;0,88;C0168;M;27;true;0;26;P002;shoe;127,88;127,88;Jordans;Casual;Air;41;Pink;false
V000084;L0000107;2024-04-06;12:21;S01;Discount;Peripherie;249;9h/19h;open 6/7;52;E0008;2461;2012-02-04;Sales;0,12;0,88;C0168;M;27;true;0;26;P046;shoe;133,4;133,4;Jordans;Running;Pro;41;Light Green;false
V000085;L0000108;2024-05-23;10:46;S05;Standard;Peripherie;162;9h/19h;open 5/7;26;E0026;2418;2010-07-01;Sales;0,29;0,71;C0149;F;42;true;0;6;P042;shoe;61,2;61,2;Jordans;Running;Flex;40;Black;false
V000086;L0000109;2024-07-04;16:32;S05;Standard;Peripherie;162;9h/19h;open 5/7;26;E0024;2857;2013-06-13;Sales;0,02;0,98;C0039;F;54;false;0;0;P002;shoe;106,33;141,78;Jordans;Casual;Air;41;Pink;false
V000086;L0000110;2024-07-04;16:32;S05;Standard;Peripherie;162;9h/19h;open 5/7;26;E0024;2857;2013-06-13;Sales;0,02;0,98;C0039;F;54;false;0;0;A007;accessory;20,4;20,4;Accessoire;Bonnet;Bonnet;M;White;false
V000087;L0000111;2024-12-24;10:20;S03;Premium;Centre-ville;55;9h/19h;open 5/7;6;E0017;3174;2015-08-12;Sales;0,07;0,93;C0162;F;21;false;0;0;P039;shoe;144,72;144,72;Adidas;Training;Flex;35;Light Green;true
V000088;L0000112;2024-12-17;09:11;S01;Discount;Peripherie;249;9h/19h;open 6/7;52;E0006;2650;2014-04-09;Sales;0,29;0,71;C0138;F;38;true;0;5;P042;shoe;55,2;55,2;Jordans;Running;Flex;40;Black;false
V000089;L0000113;2024-03-11;12:34;S01;Discount;Peripherie;249;9h/19h;open 6/7;52;E0003;2555;2009-09-01;Sales;0,29;0,71;C0229;M;52;true;0;12;P046;shoe;129,26;133,4;Jordans;Running;Pro;41;Light Green;false
V000090;L0000114;2024-03-07;12:15;S05;Standard;Peripherie;162;9h/19h;open 5/7;26;E0029;2293;2018-03-21;Sales;0,18;0,82;C0235;F;23;true;0;5;P044;shoe;52,02;61,2;Adidas;Basketball;Max;31;Pink;false
V000091;L0000115;2024-04-12;10:30;S01;Discount;Peripherie;249;9h/19h;open 6/7;52;E0002;2722;2005-09-17;Sales;0,21;0,79;C0127;M;33;false;0;0;P002;shoe;121,49;127,88;Jordans;Casual;Air;41;Pink;false
V000092;L0000116;2024-07-08;16:55;S02;Standard;Centre-ville;113;9h/18h;open 5/7;21;E0009;2815;2013-05-02;Sales;0,06;0,94;C0218;M;20;true;278;11;P010;shoe;111,2;139;New Balance;Basketball;Zoom;45;Deep Purple;false
V000093;L0000117;2024-07-11;12:10;S05;Standard;Peripherie;162;9h/19h;open 5/7;26;E0029;2293;2018-03-21;Sales;0,18;0,82;C0181;M;25;false;0;0;P033;shoe;69,36;86,7;Adidas;Basketball;Pro;38;Brown Bear;false
V000094;L0000118;2024-11-12;10:24;S05;Standard;Peripherie;162;9h/19h;open 5/7;26;E0027;2799;2020-01-04;Sales;0,08;0,92;C0083;F;30;true;0;14;P046;shoe;147,9;147,9;Jordans;Running;Pro;41;Light Green;false
V000095;L0000119;2024-11-11;18:08;S03;Premium;Centre-ville;55;9h/19h;open 5/7;6;E0016;2967;2013-04-16;Sales;0,04;0,96;C0046;F;29;false;0;0;P001;shoe;91,8;91,8;Adidas;Training;Zoom;31;Classic Grey;true
V000096;L0000120;2024-08-20;09:20;S05;Standard;Peripherie;162;9h/19h;open 5/7;26;E0027;2799;2020-01-04;Sales;0,08;0,92;C0116;M;56;true;0;17;P029;shoe;172,38;172,38;Nike;Casual;Zoom;37;Classic Grey;false
V000097;L0000121;2024-04-15;10:41;S01;Discount;Peripherie;249;9h/19h;open 6/7;52;E0002;2722;2005-09-17;Sales;0,21;0,79;C0086;M;23;false;0;0;P023;shoe;84,46;84,46;Jordans;Training;Zoom;37;Red Blood;true
V000097;L0000122;2024-04-15;10:41;S01;Discount;Peripherie;249;9h/19h;open 6/7;52;E0002;2722;2005-09-17;Sales;0,21;0,79;C0086;M;23;false;0;0;P055;shoe;247,41;247,41;Jordans;Limited Edition;Air;37;Deep Purple;true
V000098;L0000123;2024-04-25;14:41;S04;Standard;Centre-ville;127;9h/18h;open 6/7;23;E0020;2269;2013-07-19;Support;0,28;0,72;C0237;F;16;true;0;8;P036;shoe;85;85;New Balance;Training;Max;39;Pink;false
V000099;L0000124;2024-02-16;16:58;S03;Premium;Centre-ville;55;9h/19h;open 5/7;6;E0016;2967;2013-04-16;Sales;0,04;0,96;C0234;F;33;true;0;11;P001;shoe;91,8;91,8;Adidas;Training;Zoom;31;Classic Grey;true
V000099;L0000125;2024-02-16;16:58;S03;Premium;Centre-ville;55;9h/19h;open 5/7;6;E0016;2967;2013-04-16;Sales;0,04;0,96;C0234;F;33;true;0;11;A006;accessory;20;20;Accessoire;Chaussettes;Chaussettes;L;Classic Grey;false
V000100;L0000126;2024-03-07;11:04;S04;Standard;Centre-ville;127;9h/18h;open 6/7;23;E0021;1926;2022-05-21;Sales;0,14;0,86;C0032;M;37;true;0;15;P028;shoe;159;159;New Balance;Trail;Elite;42;White;false
V000101;L0000127;2024-10-26;12:22;S04;Standard;Centre-ville;127;9h/18h;open 6/7;23;E0022;2460;2008-01-17;Sales;0,25;0,75;C0184;M;54;true;196;12;P050;shoe;125,12;144,72;New Balance;Training;Pro;35;Black;true
V000102;L0000128;2024-06-08;10:05;S04;Standard;Centre-ville;127;9h/18h;open 6/7;23;E0021;1926;2022-05-21;Sales;0,14;0,86;C0064;F;33;true;0;17;P012;shoe;145,64;156,6;Reebok;Casual;Flex;37;Classic Grey;true
V000102;L0000129;2024-06-08;10:05;S04;Standard;Centre-ville;127;9h/18h;open 6/7;23;E0021;1926;2022-05-21;Sales;0,14;0,86;C0064;F;33;true;0;17;A003;accessory;25;25;Accessoire;Chaussettes;Chaussettes;M;White;false
V000103;L0000130;2024-12-04;11:20;S02;Standard;Centre-ville;113;9h/18h;open 5/7;21;E0009;2815;2013-05-02;Sales;0,06;0,94;C0137;M;29;true;0;14;P050;shoe;144,72;144,72;New Balance;Training;Pro;35;Black;true
V000104;L0000131;2024-12-19;09:47;S06;Standard;Peripherie;110;9h/18h;open 5/7;17;E0033;2792;2012-08-16;Sales;0,11;0,89;C0205;M;26;true;0;33;P017;shoe;246,05;259;Adidas;Limited Edition;Air;38;White;false
V000104;L0000132;2024-12-19;09:47;S06;Standard;Peripherie;110;9h/18h;open 5/7;17;E0033;2792;2012-08-16;Sales;0,11;0,89;C0205;M;26;true;0;33;P033;shoe;85;85;Adidas;Basketball;Pro;38;Brown Bear;false
V000105;L0000133;2024-04-20;14:44;S04;Standard;Centre-ville;127;9h/18h;open 6/7;23;E0019;2935;2017-04-01;Sales;0,1;0,9;C0184;M;54;true;0;9;P023;shoe;91,8;91,8;Jordans;Training;Zoom;37;Red Blood;true
V000106;L0000134;2024-12-25;18:00;S05;Standard;Peripherie;162;9h/19h;open 5/7;26;E0026;2418;2010-07-01;Sales;0,29;0,71;C0005;M;50;true;0;25;P031;shoe;253,98;253,98;Jordans;Limited Edition;Air;45;Brown Bear;false
V000107;L0000135;2024-11-12;09:30;S03;Premium;Centre-ville;55;9h/19h;open 5/7;6;E0016;2967;2013-04-16;Sales;0,04;0,96;C0024;F;34;true;0;9;P001;shoe;91,8;91,8;Adidas;Training;Zoom;31;Classic Grey;true
V000108;L0000136;2024-02-26;12:15;S05;Standard;Peripherie;162;9h/19h;open 5/7;26;E0024;2857;2013-06-13;Sales;0,02;0,98;C0092;F;32;true;0;9;P023;shoe;93,64;93,64;Jordans;Training;Zoom;37;Red Blood;true
V000109;L0000137;2024-03-19;10:14;S05;Standard;Peripherie;162;9h/19h;open 5/7;26;E0026;2418;2010-07-01;Sales;0,29;0,71;C0123;F;19;false;0;0;P018;shoe;86,7;86,7;Nike;Training;Elite;43;White;false
V000110;L0000138;2024-01-23;15:09;S01;Discount;Peripherie;249;9h/19h;open 6/7;52;E0008;2461;2012-02-04;Sales;0,12;0,88;C0220;F;50;true;0;6;P027;shoe;62,56;78,2;Puma;Basketball;Air;34;Light Green;false
V000111;L0000139;2024-09-18;11:15;S06;Standard;Peripherie;110;9h/18h;open 5/7;17;E0033;2792;2012-08-16;Sales;0,11;0,89;C0242;M;35;true;0;8;P041;shoe;48,76;54;Reebok;Basketball;Max;34;Deep Purple;false
V000111;L0000140;2024-09-18;11:15;S06;Standard;Peripherie;110;9h/18h;open 5/7;17;E0033;2792;2012-08-16;Sales;0,11;0,89;C0242;M;35;true;0;8;A008;accessory;31,5;35;Accessoire;Lacets;Lacets;XS;Black;false
V000112;L0000141;2024-02-05;12:38;S01;Discount;Peripherie;249;9h/19h;open 6/7;52;E0005;2340;2021-03-17;Support;0,12;0,88;C0198;M;16;true;0;11;P022;shoe;119,23;119,23;Puma;Casual;Flex;30;Brown Bear;true
V000113;L0000142;2024-02-21;10:57;S02;Standard;Centre-ville;113;9h/18h;open 5/7;21;E0009;2815;2013-05-02;Sales;0,06;0,94;C0053;M;16;true;0;8;P036;shoe;85;85;New Balance;Training;Max;39;Pink;false
V000114;L0000143;2024-03-06;16:26;S06;Standard;Peripherie;110;9h/18h;open 5/7;17;E0035;2751;2007-08-16;Support;0,28;0,72;C0240;M;16;true;0;8;P011;shoe;85;85;Reebok;Trail;Max;42;Red Blood;false
V000115;L0000144;2024-07-03;11:55;S01;Discount;Peripherie;249;9h/19h;open 6/7;52;E0005;2340;2021-03-17;Support;0,12;0,88;C0092;F;32;true;0;33;P023;shoe;84,46;84,46;Jordans;Training;Zoom;37;Red Blood;true
V000115;L0000145;2024-07-03;11:55;S01;Discount;Peripherie;249;9h/19h;open 6/7;52;E0005;2340;2021-03-17;Support;0,12;0,88;C0092;F;32;true;0;33;P055;shoe;247,41;247,41;Jordans;Limited Edition;Air;37;Deep Purple;true
V000116;L0000146;2024-04-05;10:17;S04;Standard;Centre-ville;127;9h/18h;open 6/7;23;E0021;1926;2022-05-21;Sales;0,14;0,86;C0091;M;51;true;0;23;P055;shoe;231;268,92;Jordans;Limited Edition;Air;37;Deep Purple;true
V000117;L0000147;2024-11-02;17:20;S01;Discount;Peripherie;249;9h/19h;open 6/7;52;E0007;2413;2007-04-19;Sales;0,3;0,7;C0254;F;29;false;0;0;P049;shoe;155,48;155,48;Puma;Casual;Elite;40;Classic Grey;false
V000118;L0000148;2024-09-07;17:53;S04;Standard;Centre-ville;127;9h/18h;open 6/7;23;E0019;2935;2017-04-01;Sales;0,1;0,9;C0223;M;32;false;0;0;P025;shoe;230;230;Puma;Limited Edition;Zoom;30;Red Blood;false
V000119;L0000149;2024-12-07;13:25;S04;Standard;Centre-ville;127;9h/18h;open 6/7;23;E0022;2460;2008-01-17;Sales;0,25;0,75;C0225;F;32;true;0;8;P013;shoe;85;85;Puma;Trail;Pro;45;Light Green;false
V000120;L0000150;2024-08-21;14:35;S06;Standard;Peripherie;110;9h/18h;open 5/7;17;E0034;2671;2014-09-24;Support;0,24;0,76;C0150;F;41;true;0;6;P044;shoe;60;60;Adidas;Basketball;Max;31;Pink;false
V000121;L0000151;2024-11-04;12:00;S02;Standard;Centre-ville;113;9h/18h;open 5/7;21;E0009;2815;2013-05-02;Sales;0,06;0,94;C0116;M;56;true;343;9;P050;shoe;97,4;144,72;New Balance;Training;Pro;35;Black;true
V000122;L0000152;2024-10-14;12:54;S01;Discount;Peripherie;249;9h/19h;open 6/7;52;E0003;2555;2009-09-01;Sales;0,29;0,71;C0115;F;26;true;192;14;P030;shoe;144,74;163,94;Asics;Limited Edition;Pro;33;Deep Purple;true
V000123;L0000153;2024-05-22;16:03;S02;Standard;Centre-ville;113;9h/18h;open 5/7;21;E0009;2815;2013-05-02;Sales;0,06;0,94;C0244;M;32;false;0;0;P054;shoe;114;114;Asics;Casual;Zoom;34;Electric Blue;false
V000124;L0000154;2024-12-16;18:21;S05;Standard;Peripherie;162;9h/19h;open 5/7;26;E0026;2418;2010-07-01;Sales;0,29;0,71;C0222;M;31;true;0;10;P037;shoe;107,1;107,1;Nike;Training;Zoom;31;Premium Black;false
V000125;L0000155;2024-03-19;16:56;S05;Standard;Peripherie;162;9h/19h;open 5/7;26;E0029;2293;2018-03-21;Sales;0,18;0,82;C0209;F;41;true;0;14;P046;shoe;147,9;147,9;Jordans;Running;Pro;41;Light Green;false
V000126;L0000156;2024-09-04;09:33;S02;Standard;Centre-ville;113;9h/18h;open 5/7;21;E0009;2815;2013-05-02;Sales;0,06;0,94;C0119;F;25;true;192;6;P053;shoe;60,8;80;New Balance;Casual;Flex;44;Premium Black;false
V000127;L0000157;2024-11-16;10:12;S01;Discount;Peripherie;249;9h/19h;open 6/7;52;E0006;2650;2014-04-09;Sales;0,29;0,71;C0224;F;42;true;209;19;P025;shoe;190,7;211,6;Puma;Limited Edition;Zoom;30;Red Blood;false
V000128;L0000158;2024-04-30;11:57;S03;Premium;Centre-ville;55;9h/19h;open 5/7;6;E0015;2593;2019-01-12;Support;0,1;0,9;C0154;M;35;true;0;6;P035;shoe;60;60;Adidas;Training;Zoom;45;Sunny Yellow;false
V000129;L0000159;2024-03-28;16:09;S06;Standard;Peripherie;110;9h/18h;open 5/7;17;E0035;2751;2007-08-16;Support;0,28;0,72;C0170;F;52;false;0;0;P017;shoe;199,68;259;Adidas;Limited Edition;Air;38;White;false
V000129;L0000160;2024-03-28;16:09;S06;Standard;Peripherie;110;9h/18h;open 5/7;17;E0035;2751;2007-08-16;Support;0,28;0,72;C0170;F;52;false;0;0;A001;accessory;15;15;Accessoire;Tee-shirt;Tee-shirt;M;Black;false
V000130;L0000161;2024-09-13;17:18;S01;Discount;Peripherie;249;9h/19h;open 6/7;52;E0008;2461;2012-02-04;Sales;0,12;0,88;C0018;F;39;true;0;10;P004;shoe;101,2;101,2;Puma;Running;Max;38;White;false
V000131;L0000162;2024-11-29;16:50;S01;Discount;Peripherie;249;9h/19h;open 6/7;52;E0003;2555;2009-09-01;Sales;0,29;0,71;C0149;F;42;true;0;17;P006;shoe;174,8;174,8;Asics;Limited Edition;Pro;38;Electric Blue;false
V000132;L0000163;2024-05-27;11:08;S02;Standard;Centre-ville;113;9h/18h;open 5/7;21;E0009;2815;2013-05-02;Sales;0,06;0,94;C0056;M;49;true;0;14;P050;shoe;144,72;144,72;New Balance;Training;Pro;35;Black;true
V000133;L0000164;2024-04-25;18:33;S05;Standard;Peripherie;162;9h/19h;open 5/7;26;E0027;2799;2020-01-04;Sales;0,08;0,92;C0034;M;36;true;0;17;P016;shoe;172,38;172,38;Nike;Running;Max;43;Classic Grey;false
V000134;L0000165;2024-09-10;15:30;S06;Standard;Peripherie;110;9h/18h;open 5/7;17;E0031;2609;2013-09-27;Sales;0,08;0,92;C0104;M;16;true;0;6;P056;shoe;37,8;37,8;Reebok;Casual;Max;34;White;true
V000134;L0000166;2024-09-10;15:30;S06;Standard;Peripherie;110;9h/18h;open 5/7;17;E0031;2609;2013-09-27;Sales;0,08;0,92;C0104;M;16;true;0;6;A004;accessory;30;30;Accessoire;Tee-shirt;Tee-shirt;XL;White;false
V000135;L0000167;2024-12-16;12:57;S05;Standard;Peripherie;162;9h/19h;open 5/7;26;E0027;2799;2020-01-04;Sales;0,08;0,92;C0238;M;28;false;0;0;P015;shoe;95,37;112,2;Adidas;Basketball;Pro;40;Classic Grey;false
V000136;L0000168;2024-10-25;10:17;S01;Discount;Peripherie;249;9h/19h;open 6/7;52;E0007;2413;2007-04-19;Sales;0,3;0,7;C0041;F;21;false;0;0;P026;shoe;253;253;Asics;Limited Edition;Flex;40;Premium Black;false
V000137;L0000169;2024-02-08;15:56;S01;Discount;Peripherie;249;9h/19h;open 6/7;52;E0003;2555;2009-09-01;Sales;0,29;0,71;C0136;F;16;true;0;7;P027;shoe;78,2;78,2;Puma;Basketball;Air;34;Light Green;false
V000138;L0000170;2024-11-18;12:21;S01;Discount;Peripherie;249;9h/19h;open 6/7;52;E0008;2461;2012-02-04;Sales;0,12;0,88;C0016;F;55;true;0;8;P004;shoe;86,02;101,2;Puma;Running;Max;38;White;false
V000139;L0000171;2024-04-29;17:57;S06;Standard;Peripherie;110;9h/18h;open 5/7;17;E0033;2792;2012-08-16;Sales;0,11;0,89;C0212;F;32;true;0;7;P038;shoe;79;79;Reebok;Running;Pro;38;White;false
V000140;L0000172;2024-06-03;14:16;S02;Standard;Centre-ville;113;9h/18h;open 5/7;21;E0012;2633;2016-06-22;Sales;0,28;0,72;C0212;F;32;true;0;8;P003;shoe;85;85;Asics;Casual;Zoom;41;Black;false
V000141;L0000173;2024-09-28;09:47;S01;Discount;Peripherie;249;9h/19h;open 6/7;52;E0001;2586;2013-03-21;Sales;0,24;0,76;C0202;M;16;true;0;17;P006;shoe;174,8;174,8;Asics;Limited Edition;Pro;38;Electric Blue;false
V000142;L0000174;2024-08-22;09:39;S05;Standard;Peripherie;162;9h/19h;open 5/7;26;E0027;2799;2020-01-04;Sales;0,08;0,92;C0146;F;16;true;121;24;P031;shoe;241,88;253,98;Jordans;Limited Edition;Air;45;Brown Bear;false
V000143;L0000175;2024-08-14;09:55;S01;Discount;Peripherie;249;9h/19h;open 6/7;52;E0008;2461;2012-02-04;Sales;0,12;0,88;C0242;M;35;true;0;7;P009;shoe;72,68;72,68;Puma;Training;Pro;44;Electric Blue;false
V000144;L0000176;2024-11-14;09:34;S05;Standard;Peripherie;162;9h/19h;open 5/7;26;E0026;2418;2010-07-01;Sales;0,29;0,71;C0212;F;32;true;0;6;P035;shoe;61,2;61,2;Adidas;Training;Zoom;45;Sunny Yellow;false
V000145;L0000177;2024-09-30;12:28;S02;Standard;Centre-ville;113;9h/18h;open 5/7;21;E0009;2815;2013-05-02;Sales;0,06;0,94;C0085;M;36;true;310;24;P026;shoe;244;275;Asics;Limited Edition;Flex;40;Premium Black;false
V000146;L0000178;2024-06-15;11:41;S01;Discount;Peripherie;249;9h/19h;open 6/7;52;E0007;2413;2007-04-19;Sales;0,3;0,7;C0031;M;51;false;0;0;P013;shoe;78,2;78,2;Puma;Trail;Pro;45;Light Green;false
V000147;L0000179;2024-04-15;16:24;S01;Discount;Peripherie;249;9h/19h;open 6/7;52;E0008;2461;2012-02-04;Sales;0,12;0,88;C0049;M;37;true;0;24;P055;shoe;247,41;247,41;Jordans;Limited Edition;Air;37;Deep Purple;true
V000148;L0000180;2024-09-05;16:32;S05;Standard;Peripherie;162;9h/19h;open 5/7;26;E0030;2147;2019-05-22;Manager;0,13;0,87;C0137;M;29;true;0;9;P023;shoe;93,64;93,64;Jordans;Training;Zoom;37;Red Blood;true
V000149;L0000181;2024-12-05;17:33;S02;Standard;Centre-ville;113;9h/18h;open 5/7;21;E0009;2815;2013-05-02;Sales;0,06;0,94;C0125;M;47;true;0;10;P034;shoe;104;104;New Balance;Trail;Zoom;32;Red Blood;false
V000150;L0000182;2024-10-30;14:22;S04;Standard;Centre-ville;127;9h/18h;open 6/7;23;E0019;2935;2017-04-01;Sales;0,1;0,9;C0168;M;27;true;0;11;P051;shoe;86,4;86,4;Puma;Training;Air;35;Gold;true
V000150;L0000183;2024-10-30;14:22;S04;Standard;Centre-ville;127;9h/18h;open 6/7;23;E0019;2935;2017-04-01;Sales;0,1;0,9;C0168;M;27;true;0;11;A003;accessory;25;25;Accessoire;Chaussettes;Chaussettes;M;White;false
V000151;L0000184;2024-02-28;13:43;S01;Discount;Peripherie;249;9h/19h;open 6/7;52;E0008;2461;2012-02-04;Sales;0,12;0,88;C0122;F;25;false;0;0;P025;shoe;190,44;211,6;Puma;Limited Edition;Zoom;30;Red Blood;false
V000152;L0000185;2024-12-04;09:04;S04;Standard;Centre-ville;127;9h/18h;open 6/7;23;E0021;1926;2022-05-21;Sales;0,14;0,86;C0134;M;30;true;106;18;P058;shoe;102,8;113,4;Reebok;Running;Flex;31;Gold;true
V000152;L0000186;2024-12-04;09:04;S04;Standard;Centre-ville;127;9h/18h;open 6/7;23;E0021;1926;2022-05-21;Sales;0,14;0,86;C0134;M;30;true;106;18;P064;shoe;85;85;Reebok;Trail;Air;31;Red Blood;false
V000153;L0000187;2024-02-07;18:50;S01;Discount;Peripherie;249;9h/19h;open 6/7;52;E0008;2461;2012-02-04;Sales;0,12;0,88;C0202;M;16;true;0;14;P022;shoe;119,23;119,23;Puma;Casual;Flex;30;Brown Bear;true
V000153;L0000188;2024-02-07;18:50;S01;Discount;Peripherie;249;9h/19h;open 6/7;52;E0008;2461;2012-02-04;Sales;0,12;0,88;C0202;M;16;true;0;14;A003;accessory;23;23;Accessoire;Chaussettes;Chaussettes;M;White;false
V000154;L0000189;2024-03-05;17:31;S05;Standard;Peripherie;162;9h/19h;open 5/7;26;E0024;2857;2013-06-13;Sales;0,02;0,98;C0141;M;23;false;0;0;P017;shoe;264,18;264,18;Adidas;Limited Edition;Air;38;White;false
V000154;L0000190;2024-03-05;17:31;S05;Standard;Peripherie;162;9h/19h;open 5/7;26;E0024;2857;2013-06-13;Sales;0,02;0,98;C0141;M;23;false;0;0;P033;shoe;86,7;86,7;Adidas;Basketball;Pro;38;Brown Bear;false
V000155;L0000191;2024-12-23;13:41;S06;Standard;Peripherie;110;9h/18h;open 5/7;17;E0031;2609;2013-09-27;Sales;0,08;0,92;C0234;F;33;true;0;26;P012;shoe;156,6;156,6;Reebok;Casual;Flex;37;Classic Grey;true
V000155;L0000192;2024-12-23;13:41;S06;Standard;Peripherie;110;9h/18h;open 5/7;17;E0031;2609;2013-09-27;Sales;0,08;0,92;C0234;F;33;true;0;26;P014;shoe;110;110;Reebok;Trail;Flex;37;Sunny Yellow;false
V000156;L0000193;2024-02-29;13:13;S04;Standard;Centre-ville;127;9h/18h;open 6/7;23;E0019;2935;2017-04-01;Sales;0,1;0,9;C0116;M;56;true;0;23;P025;shoe;230;230;Puma;Limited Edition;Zoom;30;Red Blood;false
V000157;L0000194;2024-10-23;10:00;S06;Standard;Peripherie;110;9h/18h;open 5/7;17;E0031;2609;2013-09-27;Sales;0,08;0,92;C0114;F;31;true;0;17;P012;shoe;156,6;156,6;Reebok;Casual;Flex;37;Classic Grey;true
V000157;L0000195;2024-10-23;10:00;S06;Standard;Peripherie;110;9h/18h;open 5/7;17;E0031;2609;2013-09-27;Sales;0,08;0,92;C0114;F;31;true;0;17;A007;accessory;16,6;20;Accessoire;Bonnet;Bonnet;M;White;false
V000158;L0000196;2024-12-10;14:06;S03;Premium;Centre-ville;55;9h/19h;open 5/7;6;E0015;2593;2019-01-12;Support;0,1;0,9;C0116;M;56;true;0;8;P033;shoe;85;85;Adidas;Basketball;Pro;38;Brown Bear;false
V000159;L0000197;2024-10-16;17:18;S05;Standard;Peripherie;162;9h/19h;open 5/7;26;E0024;2857;2013-06-13;Sales;0,02;0,98;C0171;F;16;false;0;0;P059;shoe;228,48;228,48;Nike;Limited Edition;Flex;31;White;false
V000160;L0000198;2024-12-30;13:58;S02;Standard;Centre-ville;113;9h/18h;open 5/7;21;E0009;2815;2013-05-02;Sales;0,06;0,94;C0243;F;56;true;0;11;P063;shoe;112,32;112,32;Asics;Basketball;Zoom;30;Light Green;true
V000161;L0000199;2024-01-27;14:22;S01;Discount;Peripherie;249;9h/19h;open 6/7;52;E0007;2413;2007-04-19;Sales;0,3;0,7;C0064;F;33;true;0;7;P051;shoe;79,49;79,49;Puma;Training;Air;35;Gold;true
V000162;L0000200;2024-08-13;11:02;S02;Standard;Centre-ville;113;9h/18h;open 5/7;21;E0009;2815;2013-05-02;Sales;0,06;0,94;C0125;M;47;true;243;11;P036;shoe;60,7;85;New Balance;Training;Max;39;Pink;false
V000162;L0000201;2024-08-13;11:02;S02;Standard;Centre-ville;113;9h/18h;open 5/7;21;E0009;2815;2013-05-02;Sales;0,06;0,94;C0125;M;47;true;243;11;A005;accessory;23,75;25;Accessoire;Bonnet;Bonnet;S;Classic Grey;false
V000162;L0000202;2024-08-13;11:02;S02;Standard;Centre-ville;113;9h/18h;open 5/7;21;E0009;2815;2013-05-02;Sales;0,06;0,94;C0125;M;47;true;243;11;A002;accessory;30;30;Accessoire;Sac de sport;Sac de sport;XL;Black;false
V000163;L0000203;2024-06-24;16:41;S03;Premium;Centre-ville;55;9h/19h;open 5/7;6;E0014;1993;2022-02-01;Sales;0,12;0,88;C0184;M;54;true;0;14;P039;shoe;144,72;144,72;Adidas;Training;Flex;35;Light Green;true
V000164;L0000204;2024-12-03;15:36;S01;Discount;Peripherie;249;9h/19h;open 6/7;52;E0006;2650;2014-04-09;Sales;0,29;0,71;C0107;M;21;false;0;0;P031;shoe;229,08;229,08;Jordans;Limited Edition;Air;45;Brown Bear;false
V000164;L0000205;2024-12-03;15:36;S01;Discount;Peripherie;249;9h/19h;open 6/7;52;E0006;2650;2014-04-09;Sales;0,29;0,71;C0107;M;21;false;0;0;A006;accessory;18,4;18,4;Accessoire;Chaussettes;Chaussettes;L;Classic Grey;false
V000165;L0000206;2024-06-12;10:29;S02;Standard;Centre-ville;113;9h/18h;open 5/7;21;E0013;895;2023-05-17;Apprentice;0,23;0,77;C0042;M;49;true;0;11;P063;shoe;112,32;112,32;Asics;Basketball;Zoom;30;Light Green;true
V000166;L0000207;2024-09-24;13:54;S06;Standard;Peripherie;110;9h/18h;open 5/7;17;E0035;2751;2007-08-16;Support;0,28;0,72;C0101;F;37;true;0;9;P001;shoe;91,8;91,8;Adidas;Training;Zoom;31;Classic Grey;true
V000167;L0000208;2024-03-15;13:44;S05;Standard;Peripherie;162;9h/19h;open 5/7;26;E0024;2857;2013-06-13;Sales;0,02;0,98;C0168;M;27;true;0;26;P017;shoe;264,18;264,18;Adidas;Limited Edition;Air;38;White;false
V000168;L0000209;2024-09-27;10:17;S01;Discount;Peripherie;249;9h/19h;open 6/7;52;E0008;2461;2012-02-04;Sales;0,12;0,88;C0159;M;30;false;0;0;P013;shoe;78,2;78,2;Puma;Trail;Pro;45;Light Green;false
V000169;L0000210;2024-01-01;11:27;S01;Discount;Peripherie;249;9h/19h;open 6/7;52;E0008;2461;2012-02-04;Sales;0,12;0,88;C0152;F;30;true;229;8;P063;shoe;80,43;103,33;Asics;Basketball;Zoom;30;Light Green;true
V000170;L0000211;2024-06-14;09:30;S05;Standard;Peripherie;162;9h/19h;open 5/7;26;E0028;884;2023-11-26;Apprentice;0,18;0,82;C0098;F;44;true;0;25;P031;shoe;253,98;253,98;Jordans;Limited Edition;Air;45;Brown Bear;false
V000171;L0000212;2024-09-07;09:37;S04;Standard;Centre-ville;127;9h/18h;open 6/7;23;E0019;2935;2017-04-01;Sales;0,1;0,9;C0190;M;19;false;0;0;P027;shoe;85;85;Puma;Basketball;Air;34;Light Green;false
V000172;L0000213;2024-04-09;09:48;S06;Standard;Peripherie;110;9h/18h;open 5/7;17;E0035;2751;2007-08-16;Support;0,28;0,72;C0182;F;39;true;0;8;P011;shoe;85;85;Reebok;Trail;Max;42;Red Blood;false
V000173;L0000214;2024-09-09;17:58;S05;Standard;Peripherie;162;9h/19h;open 5/7;26;E0024;2857;2013-06-13;Sales;0,02;0,98;C0024;F;34;true;0;14;P039;shoe;147,61;147,61;Adidas;Training;Flex;35;Light Green;true
V000174;L0000215;2024-04-12;13:54;S04;Standard;Centre-ville;127;9h/18h;open 6/7;23;E0018;2458;2012-12-28;Support;0,21;0,79;C0173;F;35;true;0;12;P022;shoe;129,6;129,6;Puma;Casual;Flex;30;Brown Bear;true
V000175;L0000216;2024-03-28;17:51;S04;Standard;Centre-ville;127;9h/18h;open 6/7;23;E0018;2458;2012-12-28;Support;0,21;0,79;C0127;M;33;false;0;0;P046;shoe;145;145;Jordans;Running;Pro;41;Light Green;false
V000176;L0000217;2024-10-21;17:23;S03;Premium;Centre-ville;55;9h/19h;open 5/7;6;E0015;2593;2019-01-12;Support;0,1;0,9;C0258;M;25;true;0;25;P017;shoe;259;259;Adidas;Limited Edition;Air;38;White;false
V000177;L0000218;2024-09-11;15:05;S06;Standard;Peripherie;110;9h/18h;open 5/7;17;E0031;2609;2013-09-27;Sales;0,08;0,92;C0085;M;36;true;0;10;P048;shoe;60;60;Reebok;Basketball;Flex;40;Pink;false
V000177;L0000219;2024-09-11;15:05;S06;Standard;Peripherie;110;9h/18h;open 5/7;17;E0031;2609;2013-09-27;Sales;0,08;0,92;C0085;M;36;true;0;10;A001;accessory;15;15;Accessoire;Tee-shirt;Tee-shirt;M;Black;false
V000177;L0000220;2024-09-11;15:05;S06;Standard;Peripherie;110;9h/18h;open 5/7;17;E0031;2609;2013-09-27;Sales;0,08;0,92;C0085;M;36;true;0;10;A002;accessory;25,62;30;Accessoire;Sac de sport;Sac de sport;XL;Black;false
V000178;L0000221;2024-08-28;12:56;S05;Standard;Peripherie;162;9h/19h;open 5/7;26;E0027;2799;2020-01-04;Sales;0,08;0,92;C0202;M;16;true;0;27;P055;shoe;274,3;274,3;Jordans;Limited Edition;Air;37;Deep Purple;true
V000179;L0000222;2024-10-21;11:57;S01;Discount;Peripherie;249;9h/19h;open 6/7;52;E0008;2461;2012-02-04;Sales;0,12;0,88;C0253;F;56;true;0;9;P052;shoe;98,03;118,68;Jordans;Casual;Zoom;38;Black;false
V000180;L0000223;2024-04-03;16:17;S05;Standard;Peripherie;162;9h/19h;open 5/7;26;E0029;2293;2018-03-21;Sales;0,18;0,82;C0039;F;54;false;0;0;P023;shoe;93,64;93,64;Jordans;Training;Zoom;37;Red Blood;true
V000180;L0000224;2024-04-03;16:17;S05;Standard;Peripherie;162;9h/19h;open 5/7;26;E0029;2293;2018-03-21;Sales;0,18;0,82;C0039;F;54;false;0;0;A001;accessory;15,3;15,3;Accessoire;Tee-shirt;Tee-shirt;M;Black;false
V000180;L0000225;2024-04-03;16:17;S05;Standard;Peripherie;162;9h/19h;open 5/7;26;E0029;2293;2018-03-21;Sales;0,18;0,82;C0039;F;54;false;0;0;A007;accessory;20,4;20,4;Accessoire;Bonnet;Bonnet;M;White;false
V000181;L0000226;2024-10-09;09:00;S04;Standard;Centre-ville;127;9h/18h;open 6/7;23;E0022;2460;2008-01-17;Sales;0,25;0,75;C0239;F;54;true;0;10;P040;shoe;105;105;New Balance;Running;Pro;32;Premium Black;false
V000182;L0000227;2024-02-15;09:53;S01;Discount;Peripherie;249;9h/19h;open 6/7;52;E0008;2461;2012-02-04;Sales;0,12;0,88;C0015;M;35;true;0;18;P020;shoe;157,98;157,98;Asics;Basketball;Zoom;41;Black;true
V000182;L0000228;2024-02-15;09:53;S01;Discount;Peripherie;249;9h/19h;open 6/7;52;E0008;2461;2012-02-04;Sales;0,12;0,88;C0015;M;35;true;0;18;A005;accessory;23;23;Accessoire;Bonnet;Bonnet;S;Classic Grey;false
V000183;L0000229;2024-01-23;15:54;S01;Discount;Peripherie;249;9h/19h;open 6/7;52;E0002;2722;2005-09-17;Sales;0,21;0,79;C0190;M;19;false;0;0;P025;shoe;211,6;211,6;Puma;Limited Edition;Zoom;30;Red Blood;false
V000184;L0000230;2024-07-09;16:26;S02;Standard;Centre-ville;113;9h/18h;open 5/7;21;E0012;2633;2016-06-22;Sales;0,28;0,72;C0068;M;48;false;0;0;P006;shoe;190;190;Asics;Limited Edition;Pro;38;Electric Blue;false
V000185;L0000231;2024-02-19;13:54;S02;Standard;Centre-ville;113;9h/18h;open 5/7;21;E0009;2815;2013-05-02;Sales;0,06;0,94;C0176;F;26;true;0;8;P053;shoe;80;80;New Balance;Casual;Flex;44;Premium Black;false
V000186;L0000232;2024-11-23;11:55;S01;Discount;Peripherie;249;9h/19h;open 6/7;52;E0003;2555;2009-09-01;Sales;0,29;0,71;C0244;M;32;false;0;0;P013;shoe;78,2;78,2;Puma;Trail;Pro;45;Light Green;false
V000187;L0000233;2024-06-25;17:05;S04;Standard;Centre-ville;127;9h/18h;open 6/7;23;E0019;2935;2017-04-01;Sales;0,1;0,9;C0153;F;31;true;0;10;P009;shoe;79;79;Puma;Training;Pro;44;Electric Blue;false
V000187;L0000234;2024-06-25;17:05;S04;Standard;Centre-ville;127;9h/18h;open 6/7;23;E0019;2935;2017-04-01;Sales;0,1;0,9;C0153;F;31;true;0;10;A002;accessory;30;30;Accessoire;Sac de sport;Sac de sport;XL;Black;false
V000188;L0000235;2024-03-14;18:50;S05;Standard;Peripherie;162;9h/19h;open 5/7;26;E0024;2857;2013-06-13;Sales;0,02;0,98;C0048;F;44;true;0;14;P039;shoe;147,61;147,61;Adidas;Training;Flex;35;Light Green;true
V000189;L0000236;2024-04-09;16:40;S01;Discount;Peripherie;249;9h/19h;open 6/7;52;E0008;2461;2012-02-04;Sales;0,12;0,88;C0202;M;16;true;195;31;P022;shoe;99,73;119,23;Puma;Casual;Flex;30;Brown Bear;true
V000189;L0000237;2024-04-09;16:40;S01;Discount;Peripherie;249;9h/19h;open 6/7;52;E0008;2461;2012-02-04;Sales;0,12;0,88;C0202;M;16;true;195;31;P025;shoe;211,6;211,6;Puma;Limited Edition;Zoom;30;Red Blood;false
V000190;L0000238;2024-12-03;15:57;S06;Standard;Peripherie;110;9h/18h;open 5/7;17;E0031;2609;2013-09-27;Sales;0,08;0,92;C0250;F;16;true;0;11;P011;shoe;85;85;Reebok;Trail;Max;42;Red Blood;false
V000190;L0000239;2024-12-03;15:57;S06;Standard;Peripherie;110;9h/18h;open 5/7;17;E0031;2609;2013-09-27;Sales;0,08;0,92;C0250;F;16;true;0;11;A004;accessory;30;30;Accessoire;Tee-shirt;Tee-shirt;XL;White;false
V000191;L0000240;2024-05-14;11:23;S02;Standard;Centre-ville;113;9h/18h;open 5/7;21;E0012;2633;2016-06-22;Sales;0,28;0,72;C0168;M;27;true;0;8;P053;shoe;80;80;New Balance;Casual;Flex;44;Premium Black;false
V000192;L0000241;2024-11-05;09:19;S01;Discount;Peripherie;249;9h/19h;open 6/7;52;E0008;2461;2012-02-04;Sales;0,12;0,88;C0007;M;46;true;0;11;P022;shoe;119,23;119,23;Puma;Casual;Flex;30;Brown Bear;true
V000193;L0000242;2024-04-09;15:25;S01;Discount;Peripherie;249;9h/19h;open 6/7;52;E0001;2586;2013-03-21;Sales;0,24;0,76;C0138;F;38;true;0;15;P049;shoe;155,48;155,48;Puma;Casual;Elite;40;Classic Grey;false
V000194;L0000243;2024-06-25;15:29;S05;Standard;Peripherie;162;9h/19h;open 5/7;26;E0027;2799;2020-01-04;Sales;0,08;0,92;C0173;F;35;true;0;25;P059;shoe;228,48;228,48;Nike;Limited Edition;Flex;31;White;false
V000194;L0000244;2024-06-25;15:29;S05;Standard;Peripherie;162;9h/19h;open 5/7;26;E0027;2799;2020-01-04;Sales;0,08;0,92;C0173;F;35;true;0;25;A005;accessory;25,5;25,5;Accessoire;Bonnet;Bonnet;S;Classic Grey;false
V000195;L0000245;2024-05-20;12:29;S01;Discount;Peripherie;249;9h/19h;open 6/7;52;E0002;2722;2005-09-17;Sales;0,21;0,79;C0170;F;52;false;0;0;P022;shoe;119,23;119,23;Puma;Casual;Flex;30;Brown Bear;true
V000196;L0000246;2024-08-21;14:19;S06;Standard;Peripherie;110;9h/18h;open 5/7;17;E0034;2671;2014-09-24;Support;0,24;0,76;C0015;M;35;true;135;6;P001;shoe;68,2;91,8;Adidas;Training;Zoom;31;Classic Grey;true
V000197;L0000247;2024-11-13;09:07;S03;Premium;Centre-ville;55;9h/19h;open 5/7;6;E0015;2593;2019-01-12;Support;0,1;0,9;C0142;M;27;true;0;6;P035;shoe;60;60;Adidas;Training;Zoom;45;Sunny Yellow;false
V000198;L0000248;2024-04-23;15:49;S01;Discount;Peripherie;249;9h/19h;open 6/7;52;E0005;2340;2021-03-17;Support;0,12;0,88;C0116;M;56;true;0;16;P030;shoe;163,94;163,94;Asics;Limited Edition;Pro;33;Deep Purple;true
V000199;L0000249;2024-01-16;09:12;S04;Standard;Centre-ville;127;9h/18h;open 6/7;23;E0018;2458;2012-12-28;Support;0,21;0,79;C0127;M;33;false;0;0;P055;shoe;268,92;268,92;Jordans;Limited Edition;Air;37;Deep Purple;true
V000200;L0000250;2024-12-12;11:04;S04;Standard;Centre-ville;127;9h/18h;open 6/7;23;E0021;1926;2022-05-21;Sales;0,14;0,86;C0190;M;19;false;0;0;P049;shoe;169;169;Puma;Casual;Elite;40;Classic Grey;false
V000200;L0000251;2024-12-12;11:04;S04;Standard;Centre-ville;127;9h/18h;open 6/7;23;E0021;1926;2022-05-21;Sales;0,14;0,86;C0190;M;19;false;0;0;A002;accessory;30;30;Accessoire;Sac de sport;Sac de sport;XL;Black;false
V000201;L0000252;2024-10-30;09:58;S05;Standard;Peripherie;162;9h/19h;open 5/7;26;E0027;2799;2020-01-04;Sales;0,08;0,92;C0025;F;31;true;0;13;P061;shoe;132,6;132,6;Nike;Trail;Air;42;Gold;false
V000202;L0000253;2024-05-04;11:50;S01;Discount;Peripherie;249;9h/19h;open 6/7;52;E0008;2461;2012-02-04;Sales;0,12;0,88;C0078;F;41;false;0;0;P022;shoe;119,23;119,23;Puma;Casual;Flex;30;Brown Bear;true
V000202;L0000254;2024-05-04;11:50;S01;Discount;Peripherie;249;9h/19h;open 6/7;52;E0008;2461;2012-02-04;Sales;0,12;0,88;C0078;F;41;false;0;0;A003;accessory;23;23;Accessoire;Chaussettes;Chaussettes;M;White;false
V000203;L0000255;2024-11-29;12:54;S01;Discount;Peripherie;249;9h/19h;open 6/7;52;E0007;2413;2007-04-19;Sales;0,3;0,7;C0083;F;30;true;0;11;P052;shoe;118,68;118,68;Jordans;Casual;Zoom;38;Black;false
V000204;L0000256;2024-05-16;11:28;S01;Discount;Peripherie;249;9h/19h;open 6/7;52;E0008;2461;2012-02-04;Sales;0,12;0,88;C0013;M;26;false;0;0;P023;shoe;84,46;84,46;Jordans;Training;Zoom;37;Red Blood;true
V000205;L0000257;2024-01-18;09:13;S05;Standard;Peripherie;162;9h/19h;open 5/7;26;E0030;2147;2019-05-22;Manager;0,13;0,87;C0125;M;47;true;0;9;P001;shoe;93,64;93,64;Adidas;Training;Zoom;31;Classic Grey;true
V000206;L0000258;2024-05-18;12:18;S01;Discount;Peripherie;249;9h/19h;open 6/7;52;E0008;2461;2012-02-04;Sales;0,12;0,88;C0115;F;26;true;0;12;P002;shoe;127,88;127,88;Jordans;Casual;Air;41;Pink;false
V000207;L0000259;2024-09-12;09:38;S03;Premium;Centre-ville;55;9h/19h;open 5/7;6;E0014;1993;2022-02-01;Sales;0,12;0,88;C0168;M;27;true;0;15;P039;shoe;144,72;144,72;Adidas;Training;Flex;35;Light Green;true
V000207;L0000260;2024-09-12;09:38;S03;Premium;Centre-ville;55;9h/19h;open 5/7;6;E0014;1993;2022-02-01;Sales;0,12;0,88;C0168;M;27;true;0;15;A001;accessory;15;15;Accessoire;Tee-shirt;Tee-shirt;M;Black;false
V000208;L0000261;2024-06-18;16:57;S05;Standard;Peripherie;162;9h/19h;open 5/7;26;E0030;2147;2019-05-22;Manager;0,13;0,87;C0016;F;55;true;0;16;P021;shoe;168,3;168,3;Nike;Basketball;Air;45;Gold;false
V000209;L0000262;2024-10-23;16:58;S04;Standard;Centre-ville;127;9h/18h;open 6/7;23;E0019;2935;2017-04-01;Sales;0,1;0,9;C0167;F;63;false;0;0;P047;shoe;103,97;114;Jordans;Casual;Zoom;33;Pink;false
V000210;L0000263;2024-11-13;18:16;S01;Discount;Peripherie;249;9h/19h;open 6/7;52;E0001;2586;2013-03-21;Sales;0,24;0,76;C0085;M;36;true;0;5;P042;shoe;55,2;55,2;Jordans;Running;Flex;40;Black;false
V000211;L0000264;2024-02-14;13:41;S05;Standard;Peripherie;162;9h/19h;open 5/7;26;E0029;2293;2018-03-21;Sales;0,18;0,82;C0212;F;32;true;0;6;P042;shoe;61,2;61,2;Jordans;Running;Flex;40;Black;false
V000212;L0000265;2024-07-06;18:08;S01;Discount;Peripherie;249;9h/19h;open 6/7;52;E0003;2555;2009-09-01;Sales;0,29;0,71;C0215;M;16;true;0;24;P055;shoe;247,41;247,41;Jordans;Limited Edition;Air;37;Deep Purple;true
V000213;L0000266;2024-06-28;16:30;S01;Discount;Peripherie;249;9h/19h;open 6/7;52;E0006;2650;2014-04-09;Sales;0,29;0,71;C0183;F;38;true;0;13;P063;shoe;103,33;103,33;Asics;Basketball;Zoom;30;Light Green;true
V000213;L0000267;2024-06-28;16:30;S01;Discount;Peripherie;249;9h/19h;open 6/7;52;E0006;2650;2014-04-09;Sales;0,29;0,71;C0183;F;38;true;0;13;A002;accessory;27,6;27,6;Accessoire;Sac de sport;Sac de sport;XL;Black;false
V000214;L0000268;2024-08-31;18:08;S01;Discount;Peripherie;249;9h/19h;open 6/7;52;E0005;2340;2021-03-17;Support;0,12;0,88;C0182;F;39;true;0;5;P042;shoe;55,2;55,2;Jordans;Running;Flex;40;Black;false
V000215;L0000269;2024-09-05;10:12;S06;Standard;Peripherie;110;9h/18h;open 5/7;17;E0033;2792;2012-08-16;Sales;0,11;0,89;C0224;F;42;true;0;11;P015;shoe;110;110;Adidas;Basketball;Pro;40;Classic Grey;false
V000216;L0000270;2024-07-11;17:58;S01;Discount;Peripherie;249;9h/19h;open 6/7;52;E0001;2586;2013-03-21;Sales;0,24;0,76;C0151;M;44;true;0;7;P027;shoe;78,2;78,2;Puma;Basketball;Air;34;Light Green;false
V000217;L0000271;2024-06-04;13:45;S01;Discount;Peripherie;249;9h/19h;open 6/7;52;E0007;2413;2007-04-19;Sales;0,3;0,7;C0101;F;37;true;0;22;P031;shoe;229,08;229,08;Jordans;Limited Edition;Air;45;Brown Bear;false
V000218;L0000272;2024-03-16;13:36;S01;Discount;Peripherie;249;9h/19h;open 6/7;52;E0005;2340;2021-03-17;Support;0,12;0,88;C0212;F;32;true;0;24;P055;shoe;247,41;247,41;Jordans;Limited Edition;Air;37;Deep Purple;true
V000219;L0000273;2024-07-01;16:34;S01;Discount;Peripherie;249;9h/19h;open 6/7;52;E0005;2340;2021-03-17;Support;0,12;0,88;C0005;M;50;true;0;33;P023;shoe;84,46;84,46;Jordans;Training;Zoom;37;Red Blood;true
V000219;L0000274;2024-07-01;16:34;S01;Discount;Peripherie;249;9h/19h;open 6/7;52;E0005;2340;2021-03-17;Support;0,12;0,88;C0005;M;50;true;0;33;P055;shoe;247,41;247,41;Jordans;Limited Edition;Air;37;Deep Purple;true
V000220;L0000275;2024-12-05;16:11;S05;Standard;Peripherie;162;9h/19h;open 5/7;26;E0026;2418;2010-07-01;Sales;0,29;0,71;C0162;F;21;false;0;0;P055;shoe;274,3;274,3;Jordans;Limited Edition;Air;37;Deep Purple;true
V000221;L0000276;2024-05-09;14:20;S05;Standard;Peripherie;162;9h/19h;open 5/7;26;E0026;2418;2010-07-01;Sales;0,29;0,71;C0212;F;32;true;0;9;P023;shoe;93,64;93,64;Jordans;Training;Zoom;37;Red Blood;true
V000222;L0000277;2024-10-07;14:25;S05;Standard;Peripherie;162;9h/19h;open 5/7;26;E0029;2293;2018-03-21;Sales;0,18;0,82;C0152;F;30;true;0;14;P002;shoe;141,78;141,78;Jordans;Casual;Air;41;Pink;false
V000223;L0000278;2024-04-13;13:00;S01;Discount;Peripherie;249;9h/19h;open 6/7;52;E0002;2722;2005-09-17;Sales;0,21;0,79;C0234;F;33;true;0;33;P025;shoe;211,6;211,6;Puma;Limited Edition;Zoom;30;Red Blood;false
V000223;L0000279;2024-04-13;13:00;S01;Discount;Peripherie;249;9h/19h;open 6/7;52;E0002;2722;2005-09-17;Sales;0,21;0,79;C0234;F;33;true;0;33;P022;shoe;119,23;119,23;Puma;Casual;Flex;30;Brown Bear;true
V000224;L0000280;2024-08-21;18:10;S05;Standard;Peripherie;162;9h/19h;open 5/7;26;E0026;2418;2010-07-01;Sales;0,29;0,71;C0077;F;19;true;0;25;P031;shoe;253,98;253,98;Jordans;Limited Edition;Air;45;Brown Bear;false
V000225;L0000281;2024-03-11;18:52;S01;Discount;Peripherie;249;9h/19h;open 6/7;52;E0008;2461;2012-02-04;Sales;0,12;0,88;C0223;M;32;false;0;0;P031;shoe;194,72;229,08;Jordans;Limited Edition;Air;45;Brown Bear;false
V000226;L0000282;2024-04-29;15:03;S01;Discount;Peripherie;249;9h/19h;open 6/7;52;E0003;2555;2009-09-01;Sales;0,29;0,71;C0092;F;32;true;0;26;P046;shoe;133,4;133,4;Jordans;Running;Pro;41;Light Green;false
V000226;L0000283;2024-04-29;15:03;S01;Discount;Peripherie;249;9h/19h;open 6/7;52;E0003;2555;2009-09-01;Sales;0,29;0,71;C0092;F;32;true;0;26;P002;shoe;127,88;127,88;Jordans;Casual;Air;41;Pink;false
V000227;L0000284;2024-01-01;12:36;S06;Standard;Peripherie;110;9h/18h;open 5/7;17;E0033;2792;2012-08-16;Sales;0,11;0,89;C0049;M;37;true;0;8;P011;shoe;85;85;Reebok;Trail;Max;42;Red Blood;false
V000228;L0000285;2024-06-13;09:12;S02;Standard;Centre-ville;113;9h/18h;open 5/7;21;E0012;2633;2016-06-22;Sales;0,28;0,72;C0072;M;33;false;0;0;P034;shoe;104;104;New Balance;Trail;Zoom;32;Red Blood;false
V000229;L0000286;2024-09-30;16:04;S01;Discount;Peripherie;249;9h/19h;open 6/7;52;E0007;2413;2007-04-19;Sales;0,3;0,7;C0037;F;59;true;0;7;P009;shoe;72,68;72,68;Puma;Training;Pro;44;Electric Blue;false
V000230;L0000287;2024-11-27;10:25;S02;Standard;Centre-ville;113;9h/18h;open 5/7;21;E0009;2815;2013-05-02;Sales;0,06;0,94;C0099;F;34;true;0;10;P045;shoe;85;85;Asics;Training;Max;31;Red Blood;false
V000230;L0000288;2024-11-27;10:25;S02;Standard;Centre-ville;113;9h/18h;open 5/7;21;E0009;2815;2013-05-02;Sales;0,06;0,94;C0099;F;34;true;0;10;A006;accessory;20;20;Accessoire;Chaussettes;Chaussettes;L;Classic Grey;false
V000231;L0000289;2024-08-02;17:21;S01;Discount;Peripherie;249;9h/19h;open 6/7;52;E0006;2650;2014-04-09;Sales;0,29;0,71;C0076;F;41;true;0;24;P055;shoe;247,41;247,41;Jordans;Limited Edition;Air;37;Deep Purple;true
V000232;L0000290;2024-06-01;15:10;S01;Discount;Peripherie;249;9h/19h;open 6/7;52;E0002;2722;2005-09-17;Sales;0,21;0,79;C0162;F;21;false;0;0;P046;shoe;133,4;133,4;Jordans;Running;Pro;41;Light Green;false
V000233;L0000291;2024-10-08;15:08;S04;Standard;Centre-ville;127;9h/18h;open 6/7;23;E0018;2458;2012-12-28;Support;0,21;0,79;C0103;M;36;true;0;23;P025;shoe;230;230;Puma;Limited Edition;Zoom;30;Red Blood;false
V000234;L0000292;2024-09-05;13:51;S05;Standard;Peripherie;162;9h/19h;open 5/7;26;E0027;2799;2020-01-04;Sales;0,08;0,92;C0018;F;39;true;0;16;P002;shoe;141,78;141,78;Jordans;Casual;Air;41;Pink;false
V000234;L0000293;2024-09-05;13:51;S05;Standard;Peripherie;162;9h/19h;open 5/7;26;E0027;2799;2020-01-04;Sales;0,08;0,92;C0018;F;39;true;0;16;A003;accessory;25,5;25,5;Accessoire;Chaussettes;Chaussettes;M;White;false
V000235;L0000294;2024-04-23;13:16;S05;Standard;Peripherie;162;9h/19h;open 5/7;26;E0027;2799;2020-01-04;Sales;0,08;0,92;C0156;F;26;false;0;0;P015;shoe;112,2;112,2;Adidas;Basketball;Pro;40;Classic Grey;false
V000236;L0000295;2024-04-09;12:25;S05;Standard;Peripherie;162;9h/19h;open 5/7;26;E0026;2418;2010-07-01;Sales;0,29;0,71;C0229;M;52;true;0;27;P055;shoe;274,3;274,3;Jordans;Limited Edition;Air;37;Deep Purple;true
V000237;L0000296;2024-11-26;18:06;S01;Discount;Peripherie;249;9h/19h;open 6/7;52;E0002;2722;2005-09-17;Sales;0,21;0,79;C0058;M;34;false;0;0;P020;shoe;143,13;157,98;Asics;Basketball;Zoom;41;Black;true
V000238;L0000297;2024-02-12;18:50;S01;Discount;Peripherie;249;9h/19h;open 6/7;52;E0005;2340;2021-03-17;Support;0,12;0,88;C0139;M;17;false;0;0;P055;shoe;247,41;247,41;Jordans;Limited Edition;Air;37;Deep Purple;true
V000239;L0000298;2024-01-15;13:43;S01;Discount;Peripherie;249;9h/19h;open 6/7;52;E0008;2461;2012-02-04;Sales;0,12;0,88;C0040;M;16;true;0;7;P045;shoe;78,2;78,2;Asics;Training;Max;31;Red Blood;false
V000240;L0000299;2024-09-19;15:51;S05;Standard;Peripherie;162;9h/19h;open 5/7;26;E0026;2418;2010-07-01;Sales;0,29;0,71;C0016;F;55;true;0;5;P042;shoe;52,94;61,2;Jordans;Running;Flex;40;Black;false
V000241;L0000300;2024-05-08;16:49;S02;Standard;Centre-ville;113;9h/18h;open 5/7;21;E0009;2815;2013-05-02;Sales;0,06;0,94;C0095;M;34;true;206;25;P026;shoe;254,4;275;Asics;Limited Edition;Flex;40;Premium Black;false
V000242;L0000301;2024-01-16;10:03;S01;Discount;Peripherie;249;9h/19h;open 6/7;52;E0005;2340;2021-03-17;Support;0,12;0,88;C0127;M;33;false;0;0;P042;shoe;55,2;55,2;Jordans;Running;Flex;40;Black;false
V000243;L0000302;2024-10-08;14:13;S04;Standard;Centre-ville;127;9h/18h;open 6/7;23;E0020;2269;2013-07-19;Support;0,28;0,72;C0256;F;17;true;0;6;P048;shoe;60;60;Reebok;Basketball;Flex;40;Pink;false
V000244;L0000303;2024-10-01;14:28;S04;Standard;Centre-ville;127;9h/18h;open 6/7;23;E0022;2460;2008-01-17;Sales;0,25;0,75;C0149;F;42;true;107;23;P031;shoe;238,3;249;Jordans;Limited Edition;Air;45;Brown Bear;false
V000245;L0000304;2024-09-26;17:45;S02;Standard;Centre-ville;113;9h/18h;open 5/7;21;E0009;2815;2013-05-02;Sales;0,06;0,94;C0016;F;55;true;0;19;P006;shoe;190;190;Asics;Limited Edition;Pro;38;Electric Blue;false
V000246;L0000305;2024-05-10;13:56;S04;Standard;Centre-ville;127;9h/18h;open 6/7;23;E0021;1926;2022-05-21;Sales;0,14;0,86;C0085;M;36;true;0;22;P031;shoe;227,34;249;Jordans;Limited Edition;Air;45;Brown Bear;false
V000247;L0000306;2024-05-30;16:41;S04;Standard;Centre-ville;127;9h/18h;open 6/7;23;E0018;2458;2012-12-28;Support;0,21;0,79;C0247;F;54;false;0;0;P007;shoe;99;99;Jordans;Running;Zoom;44;Premium Black;false
V000248;L0000307;2024-11-27;18:49;S01;Discount;Peripherie;249;9h/19h;open 6/7;52;E0007;2413;2007-04-19;Sales;0,3;0,7;C0121;M;45;true;0;7;P045;shoe;78,2;78,2;Asics;Training;Max;31;Red Blood;false
V000249;L0000308;2024-02-02;10:41;S05;Standard;Peripherie;162;9h/19h;open 5/7;26;E0024;2857;2013-06-13;Sales;0,02;0,98;C0232;F;19;true;0;26;P017;shoe;264,18;264,18;Adidas;Limited Edition;Air;38;White;false
V000250;L0000309;2024-03-21;17:53;S04;Standard;Centre-ville;127;9h/18h;open 6/7;23;E0023;2374;2021-08-09;Manager;0,16;0,84;C0113;M;33;true;0;10;P040;shoe;105;105;New Balance;Running;Pro;32;Premium Black;false
V000251;L0000310;2024-01-19;15:25;S05;Standard;Peripherie;162;9h/19h;open 5/7;26;E0029;2293;2018-03-21;Sales;0,18;0,82;C0101;F;37;true;0;27;P055;shoe;274,3;274,3;Jordans;Limited Edition;Air;37;Deep Purple;true
V000252;L0000311;2024-12-27;17:41;S01;Discount;Peripherie;249;9h/19h;open 6/7;52;E0008;2461;2012-02-04;Sales;0,12;0,88;C0075;M;43;true;0;10;P063;shoe;103,33;103,33;Asics;Basketball;Zoom;30;Light Green;true
V000253;L0000312;2024-07-11;18:28;S01;Discount;Peripherie;249;9h/19h;open 6/7;52;E0003;2555;2009-09-01;Sales;0,29;0,71;C0071;F;33;false;0;0;P022;shoe;119,23;119,23;Puma;Casual;Flex;30;Brown Bear;true
V000254;L0000313;2024-04-23;17:45;S06;Standard;Peripherie;110;9h/18h;open 5/7;17;E0031;2609;2013-09-27;Sales;0,08;0,92;C0029;M;37;false;0;0;P039;shoe;144,72;144,72;Adidas;Training;Flex;35;Light Green;true
V000255;L0000314;2024-05-22;16:46;S02;Standard;Centre-ville;113;9h/18h;open 5/7;21;E0009;2815;2013-05-02;Sales;0,06;0,94;C0129;M;30;false;0;0;P020;shoe;171,72;171,72;Asics;Basketball;Zoom;41;Black;true
V000256;L0000315;2024-03-06;17:30;S02;Standard;Centre-ville;113;9h/18h;open 5/7;21;E0012;2633;2016-06-22;Sales;0,28;0,72;C0161;F;30;false;0;0;P024;shoe;149;149;New Balance;Running;Max;37;Premium Black;false
V000257;L0000316;2024-06-06;09:23;S04;Standard;Centre-ville;127;9h/18h;open 6/7;23;E0020;2269;2013-07-19;Support;0,28;0,72;C0024;F;34;true;0;8;P053;shoe;80;80;New Balance;Casual;Flex;44;Premium Black;false
V000258;L0000317;2024-06-07;10:19;S04;Standard;Centre-ville;127;9h/18h;open 6/7;23;E0020;2269;2013-07-19;Support;0,28;0,72;C0005;M;50;true;123;25;P055;shoe;256,62;268,92;Jordans;Limited Edition;Air;37;Deep Purple;true
V000259;L0000318;2024-10-04;17:17;S05;Standard;Peripherie;162;9h/19h;open 5/7;26;E0026;2418;2010-07-01;Sales;0,29;0,71;C0075;M;43;true;0;15;P001;shoe;93,64;93,64;Adidas;Training;Zoom;31;Classic Grey;true
V000259;L0000319;2024-10-04;17:17;S05;Standard;Peripherie;162;9h/19h;open 5/7;26;E0026;2418;2010-07-01;Sales;0,29;0,71;C0075;M;43;true;0;15;P044;shoe;61,2;61,2;Adidas;Basketball;Max;31;Pink;false
V000260;L0000320;2024-05-16;16:07;S06;Standard;Peripherie;110;9h/18h;open 5/7;17;E0032;2589;2017-11-13;Sales;0,25;0,75;C0166;M;16;true;0;29;P017;shoe;259;259;Adidas;Limited Edition;Air;38;White;false
V000260;L0000321;2024-05-16;16:07;S06;Standard;Peripherie;110;9h/18h;open 5/7;17;E0032;2589;2017-11-13;Sales;0,25;0,75;C0166;M;16;true;0;29;A003;accessory;25;25;Accessoire;Chaussettes;Chaussettes;M;White;false
V000260;L0000322;2024-05-16;16:07;S06;Standard;Peripherie;110;9h/18h;open 5/7;17;E0032;2589;2017-11-13;Sales;0,25;0,75;C0166;M;16;true;0;29;A001;accessory;15;15;Accessoire;Tee-shirt;Tee-shirt;M;Black;false
V000261;L0000323;2024-02-19;17:13;S04;Standard;Centre-ville;127;9h/18h;open 6/7;23;E0021;1926;2022-05-21;Sales;0,14;0,86;C0184;M;54;true;0;15;P012;shoe;156,6;156,6;Reebok;Casual;Flex;37;Classic Grey;true
V000262;L0000324;2024-05-11;10:43;S01;Discount;Peripherie;249;9h/19h;open 6/7;52;E0008;2461;2012-02-04;Sales;0,12;0,88;C0150;F;41;true;0;7;P009;shoe;72,68;72,68;Puma;Training;Pro;44;Electric Blue;false
V000263;L0000325;2024-10-23;09:02;S05;Standard;Peripherie;162;9h/19h;open 5/7;26;E0024;2857;2013-06-13;Sales;0,02;0,98;C0085;M;36;true;0;10;P007;shoe;100,98;100,98;Jordans;Running;Zoom;44;Premium Black;false
V000264;L0000326;2024-06-07;16:14;S01;Discount;Peripherie;249;9h/19h;open 6/7;52;E0006;2650;2014-04-09;Sales;0,29;0,71;C0008;F;31;true;0;22;P031;shoe;229,08;229,08;Jordans;Limited Edition;Air;45;Brown Bear;false
V000265;L0000327;2024-11-14;16:23;S06;Standard;Peripherie;110;9h/18h;open 5/7;17;E0032;2589;2017-11-13;Sales;0,25;0,75;C0162;F;21;false;0;0;P001;shoe;91,8;91,8;Adidas;Training;Zoom;31;Classic Grey;true
V000266;L0000328;2024-12-11;13:22;S04;Standard;Centre-ville;127;9h/18h;open 6/7;23;E0021;1926;2022-05-21;Sales;0,14;0,86;C0170;F;52;false;0;0;P058;shoe;113,4;113,4;Reebok;Running;Flex;31;Gold;true
V000267;L0000329;2024-12-07;12:56;S01;Discount;Peripherie;249;9h/19h;open 6/7;52;E0005;2340;2021-03-17;Support;0,12;0,88;C0182;F;39;true;238;5;P051;shoe;55,69;79,49;Puma;Training;Air;35;Gold;true
V000268;L0000330;2024-11-20;13:02;S01;Discount;Peripherie;249;9h/19h;open 6/7;52;E0008;2461;2012-02-04;Sales;0,12;0,88;C0125;M;47;true;0;12;P047;shoe;92,5;104,88;Jordans;Casual;Zoom;33;Pink;false
V000268;L0000331;2024-11-20;13:02;S01;Discount;Peripherie;249;9h/19h;open 6/7;52;E0008;2461;2012-02-04;Sales;0,12;0,88;C0125;M;47;true;0;12;A008;accessory;32,2;32,2;Accessoire;Lacets;Lacets;XS;Black;false
V000269;L0000332;2024-10-24;18:43;S01;Discount;Peripherie;249;9h/19h;open 6/7;52;E0008;2461;2012-02-04;Sales;0,12;0,88;C0165;M;48;true;0;7;P023;shoe;78,55;84,46;Jordans;Training;Zoom;37;Red Blood;true
V000270;L0000333;2024-10-03;12:47;S04;Standard;Centre-ville;127;9h/18h;open 6/7;23;E0021;1926;2022-05-21;Sales;0,14;0,86;C0184;M;54;true;0;26;P055;shoe;268,92;268,92;Jordans;Limited Edition;Air;37;Deep Purple;true
V000271;L0000334;2024-12-27;09:39;S02;Standard;Centre-ville;113;9h/18h;open 5/7;21;E0010;862;2023-08-21;Apprentice;0,23;0,77;C0065;M;37;true;0;13;P063;shoe;112,32;112,32;Asics;Basketball;Zoom;30;Light Green;true
V000271;L0000335;2024-12-27;09:39;S02;Standard;Centre-ville;113;9h/18h;open 5/7;21;E0010;862;2023-08-21;Apprentice;0,23;0,77;C0065;M;37;true;0;13;A005;accessory;25;25;Accessoire;Bonnet;Bonnet;S;Classic Grey;false
V000272;L0000336;2024-07-26;10:24;S03;Premium;Centre-ville;55;9h/19h;open 5/7;6;E0017;3174;2015-08-12;Sales;0,07;0,93;C0065;M;37;true;0;12;P001;shoe;91,8;91,8;Adidas;Training;Zoom;31;Classic Grey;true
V000272;L0000337;2024-07-26;10:24;S03;Premium;Centre-ville;55;9h/19h;open 5/7;6;E0017;3174;2015-08-12;Sales;0,07;0,93;C0065;M;37;true;0;12;A002;accessory;30;30;Accessoire;Sac de sport;Sac de sport;XL;Black;false
V000273;L0000338;2024-08-14;15:15;S06;Standard;Peripherie;110;9h/18h;open 5/7;17;E0035;2751;2007-08-16;Support;0,28;0,72;C0162;F;21;false;0;0;P058;shoe;113,4;113,4;Reebok;Running;Flex;31;Gold;true
V000274;L0000339;2024-10-04;14:49;S05;Standard;Peripherie;162;9h/19h;open 5/7;26;E0025;926;2023-10-05;Apprentice;0,24;0,76;C0241;M;50;false;0;0;P007;shoe;100,98;100,98;Jordans;Running;Zoom;44;Premium Black;false
V000275;L0000340;2024-09-26;11:10;S05;Standard;Peripherie;162;9h/19h;open 5/7;26;E0027;2799;2020-01-04;Sales;0,08;0,92;C0202;M;16;true;0;6;P035;shoe;61,2;61,2;Adidas;Training;Zoom;45;Sunny Yellow;false
V000276;L0000341;2024-05-03;09:19;S03;Premium;Centre-ville;55;9h/19h;open 5/7;6;E0015;2593;2019-01-12;Support;0,1;0,9;C0201;M;30;true;230;23;P017;shoe;236;259;Adidas;Limited Edition;Air;38;White;false
V000277;L0000342;2024-12-11;11:41;S01;Discount;Peripherie;249;9h/19h;open 6/7;52;E0001;2586;2013-03-21;Sales;0,24;0,76;C0182;F;39;true;0;21;P025;shoe;211,6;211,6;Puma;Limited Edition;Zoom;30;Red Blood;false
V000278;L0000343;2024-04-09;12:16;S05;Standard;Peripherie;162;9h/19h;open 5/7;26;E0030;2147;2019-05-22;Manager;0,13;0,87;C0162;F;21;false;0;0;P023;shoe;85,03;93,64;Jordans;Training;Zoom;37;Red Blood;true
V000279;L0000344;2024-04-11;13:10;S02;Standard;Centre-ville;113;9h/18h;open 5/7;21;E0012;2633;2016-06-22;Sales;0,28;0,72;C0001;M;57;true;332;10;P010;shoe;105,8;139;New Balance;Basketball;Zoom;45;Deep Purple;false
V000280;L0000345;2024-10-21;11:48;S04;Standard;Centre-ville;127;9h/18h;open 6/7;23;E0021;1926;2022-05-21;Sales;0,14;0,86;C0188;F;47;true;0;9;P047;shoe;98,15;114;Jordans;Casual;Zoom;33;Pink;false
V000281;L0000346;2024-04-22;15:47;S06;Standard;Peripherie;110;9h/18h;open 5/7;17;E0031;2609;2013-09-27;Sales;0,08;0,92;C0100;F;25;false;0;0;P056;shoe;37,8;37,8;Reebok;Casual;Max;34;White;true
V000281;L0000347;2024-04-22;15:47;S06;Standard;Peripherie;110;9h/18h;open 5/7;17;E0031;2609;2013-09-27;Sales;0,08;0,92;C0100;F;25;false;0;0;P041;shoe;54;54;Reebok;Basketball;Max;34;Deep Purple;false
V000281;L0000348;2024-04-22;15:47;S06;Standard;Peripherie;110;9h/18h;open 5/7;17;E0031;2609;2013-09-27;Sales;0,08;0,92;C0100;F;25;false;0;0;A002;accessory;30;30;Accessoire;Sac de sport;Sac de sport;XL;Black;false
V000282;L0000349;2024-08-01;09:37;S03;Premium;Centre-ville;55;9h/19h;open 5/7;6;E0015;2593;2019-01-12;Support;0,1;0,9;C0149;F;42;true;0;7;P033;shoe;78,62;85;Adidas;Basketball;Pro;38;Brown Bear;false
V000283;L0000350;2024-07-11;09:25;S01;Discount;Peripherie;249;9h/19h;open 6/7;52;E0008;2461;2012-02-04;Sales;0,12;0,88;C0080;M;30;true;0;6;P045;shoe;65,61;78,2;Asics;Training;Max;31;Red Blood;false
V000284;L0000351;2024-06-10;11:54;S02;Standard;Centre-ville;113;9h/18h;open 5/7;21;E0009;2815;2013-05-02;Sales;0,06;0,94;C0219;F;43;true;214;9;P063;shoe;90,92;112,32;Asics;Basketball;Zoom;30;Light Green;true
V000285;L0000352;2024-02-09;10:41;S06;Standard;Peripherie;110;9h/18h;open 5/7;17;E0034;2671;2014-09-24;Support;0,24;0,76;C0196;M;16;false;0;0;P015;shoe;110;110;Adidas;Basketball;Pro;40;Classic Grey;false
V000286;L0000353;2024-02-14;18:33;S01;Discount;Peripherie;249;9h/19h;open 6/7;52;E0002;2722;2005-09-17;Sales;0,21;0,79;C0034;M;36;true;0;24;P026;shoe;242,63;253;Asics;Limited Edition;Flex;40;Premium Black;false
V000287;L0000354;2024-03-14;16:40;S05;Standard;Peripherie;162;9h/19h;open 5/7;26;E0024;2857;2013-06-13;Sales;0,02;0,98;C0169;M;23;true;0;9;P001;shoe;93,64;93,64;Adidas;Training;Zoom;31;Classic Grey;true
V000288;L0000355;2024-05-16;15:17;S04;Standard;Centre-ville;127;9h/18h;open 6/7;23;E0021;1926;2022-05-21;Sales;0,14;0,86;C0114;F;31;true;0;14;P046;shoe;145;145;Jordans;Running;Pro;41;Light Green;false
V000289;L0000356;2024-03-08;17:39;S04;Standard;Centre-ville;127;9h/18h;open 6/7;23;E0023;2374;2021-08-09;Manager;0,16;0,84;C0105;M;63;true;100;12;P058;shoe;96,82;113,4;Reebok;Running;Flex;31;Gold;true
V000289;L0000357;2024-03-08;17:39;S04;Standard;Centre-ville;127;9h/18h;open 6/7;23;E0023;2374;2021-08-09;Manager;0,16;0,84;C0105;M;63;true;100;12;A003;accessory;25;25;Accessoire;Chaussettes;Chaussettes;M;White;false
V000290;L0000358;2024-08-22;12:33;S01;Discount;Peripherie;249;9h/19h;open 6/7;52;E0008;2461;2012-02-04;Sales;0,12;0,88;C0140;F;16;true;0;26;P055;shoe;247,41;247,41;Jordans;Limited Edition;Air;37;Deep Purple;true
V000290;L0000359;2024-08-22;12:33;S01;Discount;Peripherie;249;9h/19h;open 6/7;52;E0008;2461;2012-02-04;Sales;0,12;0,88;C0140;F;16;true;0;26;A001;accessory;13,8;13,8;Accessoire;Tee-shirt;Tee-shirt;M;Black;false
V000291;L0000360;2024-08-28;17:09;S01;Discount;Peripherie;249;9h/19h;open 6/7;52;E0008;2461;2012-02-04;Sales;0,12;0,88;C0131;F;20;true;0;16;P006;shoe;166,06;174,8;Asics;Limited Edition;Pro;38;Electric Blue;false
V000292;L0000361;2024-12-02;10:26;S06;Standard;Peripherie;110;9h/18h;open 5/7;17;E0031;2609;2013-09-27;Sales;0,08;0,92;C0125;M;47;true;0;6;P035;shoe;60;60;Adidas;Training;Zoom;45;Sunny Yellow;false
V000293;L0000362;2024-12-13;11:43;S01;Discount;Peripherie;249;9h/19h;open 6/7;52;E0003;2555;2009-09-01;Sales;0,29;0,71;C0104;M;16;true;0;17;P006;shoe;174,8;174,8;Asics;Limited Edition;Pro;38;Electric Blue;false
V000294;L0000363;2024-11-14;16:58;S06;Standard;Peripherie;110;9h/18h;open 5/7;17;E0033;2792;2012-08-16;Sales;0,11;0,89;C0073;M;18;false;0;0;P039;shoe;144,72;144,72;Adidas;Training;Flex;35;Light Green;true
V000295;L0000364;2024-02-16;18:25;S05;Standard;Peripherie;162;9h/19h;open 5/7;26;E0027;2799;2020-01-04;Sales;0,08;0,92;C0103;M;36;true;0;9;P023;shoe;93,64;93,64;Jordans;Training;Zoom;37;Red Blood;true
V000296;L0000365;2024-11-04;12:07;S01;Discount;Peripherie;249;9h/19h;open 6/7;52;E0002;2722;2005-09-17;Sales;0,21;0,79;C0086;M;23;false;0;0;P023;shoe;84,46;84,46;Jordans;Training;Zoom;37;Red Blood;true
V000296;L0000366;2024-11-04;12:07;S01;Discount;Peripherie;249;9h/19h;open 6/7;52;E0002;2722;2005-09-17;Sales;0,21;0,79;C0086;M;23;false;0;0;P055;shoe;247,41;247,41;Jordans;Limited Edition;Air;37;Deep Purple;true
V000297;L0000367;2024-12-20;14:12;S04;Standard;Centre-ville;127;9h/18h;open 6/7;23;E0021;1926;2022-05-21;Sales;0,14;0,86;C0005;M;50;true;0;26;P031;shoe;249;249;Jordans;Limited Edition;Air;45;Brown Bear;false
V000297;L0000368;2024-12-20;14:12;S04;Standard;Centre-ville;127;9h/18h;open 6/7;23;E0021;1926;2022-05-21;Sales;0,14;0,86;C0005;M;50;true;0;26;A006;accessory;20;20;Accessoire;Chaussettes;Chaussettes;L;Classic Grey;false
V000298;L0000369;2024-04-02;16:53;S01;Discount;Peripherie;249;9h/19h;open 6/7;52;E0005;2340;2021-03-17;Support;0,12;0,88;C0180;M;25;true;0;25;P026;shoe;253;253;Asics;Limited Edition;Flex;40;Premium Black;false
V000299;L0000370;2024-02-09;17:28;S01;Discount;Peripherie;249;9h/19h;open 6/7;52;E0003;2555;2009-09-01;Sales;0,29;0,71;C0215;M;16;true;0;9;P007;shoe;91,08;91,08;Jordans;Running;Zoom;44;Premium Black;false
V000300;L0000371;2024-12-07;11:37;S04;Standard;Centre-ville;127;9h/18h;open 6/7;23;E0021;1926;2022-05-21;Sales;0,14;0,86;C0145;M;45;true;0;8;P051;shoe;86,4;86,4;Puma;Training;Air;35;Gold;true
V000301;L0000372;2024-10-17;17:44;S02;Standard;Centre-ville;113;9h/18h;open 5/7;21;E0010;862;2023-08-21;Apprentice;0,23;0,77;C0161;F;30;false;0;0;P028;shoe;159;159;New Balance;Trail;Elite;42;White;false
V000302;L0000373;2024-09-21;13:49;S04;Standard;Centre-ville;127;9h/18h;open 6/7;23;E0019;2935;2017-04-01;Sales;0,1;0,9;C0241;M;50;false;0;0;P034;shoe;104;104;New Balance;Trail;Zoom;32;Red Blood;false
V000302;L0000374;2024-09-21;13:49;S04;Standard;Centre-ville;127;9h/18h;open 6/7;23;E0019;2935;2017-04-01;Sales;0,1;0,9;C0241;M;50;false;0;0;P040;shoe;105;105;New Balance;Running;Pro;32;Premium Black;false
V000303;L0000375;2024-09-05;13:37;S01;Discount;Peripherie;249;9h/19h;open 6/7;52;E0007;2413;2007-04-19;Sales;0,3;0,7;C0174;M;28;true;159;5;P003;shoe;55,11;78,2;Asics;Casual;Zoom;41;Black;false
V000304;L0000376;2024-07-31;16:44;S01;Discount;Peripherie;249;9h/19h;open 6/7;52;E0003;2555;2009-09-01;Sales;0,29;0,71;C0037;F;59;true;0;16;P030;shoe;163,94;163,94;Asics;Limited Edition;Pro;33;Deep Purple;true
V000305;L0000377;2024-09-17;12:15;S05;Standard;Peripherie;162;9h/19h;open 5/7;26;E0024;2857;2013-06-13;Sales;0,02;0,98;C0216;F;38;true;0;22;P059;shoe;228,48;228,48;Nike;Limited Edition;Flex;31;White;false
V000306;L0000378;2024-07-03;12:09;S05;Standard;Peripherie;162;9h/19h;open 5/7;26;E0030;2147;2019-05-22;Manager;0,13;0,87;C0161;F;30;false;0;0;P059;shoe;228,48;228,48;Nike;Limited Edition;Flex;31;White;false
V000307;L0000379;2024-01-26;11:49;S03;Premium;Centre-ville;55;9h/19h;open 5/7;6;E0017;3174;2015-08-12;Sales;0,07;0,93;C0129;M;30;false;0;0;P017;shoe;159,36;259;Adidas;Limited Edition;Air;38;White;false
V000308;L0000380;2024-10-21;17:37;S05;Standard;Peripherie;162;9h/19h;open 5/7;26;E0026;2418;2010-07-01;Sales;0,29;0,71;C0028;F;54;true;0;9;P001;shoe;93,64;93,64;Adidas;Training;Zoom;31;Classic Grey;true
V000309;L0000381;2024-02-06;12:17;S05;Standard;Peripherie;162;9h/19h;open 5/7;26;E0030;2147;2019-05-22;Manager;0,13;0,87;C0086;M;23;false;0;0;P039;shoe;133,59;147,61;Adidas;Training;Flex;35;Light Green;true
V000310;L0000382;2024-06-07;17:50;S01;Discount;Peripherie;249;9h/19h;open 6/7;52;E0007;2413;2007-04-19;Sales;0,3;0,7;C0053;M;16;true;0;22;P031;shoe;229,08;229,08;Jordans;Limited Edition;Air;45;Brown Bear;false
V000311;L0000383;2024-10-16;09:34;S01;Discount;Peripherie;249;9h/19h;open 6/7;52;E0003;2555;2009-09-01;Sales;0,29;0,71;C0253;F;56;true;0;11;P046;shoe;112,59;133,4;Jordans;Running;Pro;41;Light Green;false
V000312;L0000384;2024-08-15;14:19;S06;Standard;Peripherie;110;9h/18h;open 5/7;17;E0031;2609;2013-09-27;Sales;0,08;0,92;C0028;F;54;true;0;25;P017;shoe;259;259;Adidas;Limited Edition;Air;38;White;false
V000313;L0000385;2024-09-20;12:25;S01;Discount;Peripherie;249;9h/19h;open 6/7;52;E0007;2413;2007-04-19;Sales;0,3;0,7;C0153;F;31;true;0;15;P020;shoe;157,98;157,98;Asics;Basketball;Zoom;41;Black;true
V000314;L0000386;2024-10-24;16:24;S04;Standard;Centre-ville;127;9h/18h;open 6/7;23;E0022;2460;2008-01-17;Sales;0,25;0,75;C0239;F;54;true;0;8;P060;shoe;85;85;New Balance;Trail;Elite;45;Sunny Yellow;false
V000315;L0000387;2024-11-30;12:23;S04;Standard;Centre-ville;127;9h/18h;open 6/7;23;E0019;2935;2017-04-01;Sales;0,1;0,9;C0240;M;16;true;0;10;P040;shoe;105;105;New Balance;Running;Pro;32;Premium Black;false
V000316;L0000388;2024-11-02;17:21;S01;Discount;Peripherie;249;9h/19h;open 6/7;52;E0007;2413;2007-04-19;Sales;0,3;0,7;C0162;F;21;false;0;0;P051;shoe;79,49;79,49;Puma;Training;Air;35;Gold;true
V000317;L0000389;2024-06-26;09:28;S06;Standard;Peripherie;110;9h/18h;open 5/7;17;E0032;2589;2017-11-13;Sales;0,25;0,75;C0067;F;17;true;0;5;P041;shoe;54;54;Reebok;Basketball;Max;34;Deep Purple;false
V000318;L0000390;2024-05-30;17:19;S02;Standard;Centre-ville;113;9h/18h;open 5/7;21;E0009;2815;2013-05-02;Sales;0,06;0,94;C0237;F;16;true;0;15;P028;shoe;159;159;New Balance;Trail;Elite;42;White;false
V000319;L0000391;2024-03-20;17:18;S01;Discount;Peripherie;249;9h/19h;open 6/7;52;E0008;2461;2012-02-04;Sales;0,12;0,88;C0142;M;27;true;0;22;P031;shoe;229,08;229,08;Jordans;Limited Edition;Air;45;Brown Bear;false
V000320;L0000392;2024-04-12;09:35;S04;Standard;Centre-ville;127;9h/18h;open 6/7;23;E0019;2935;2017-04-01;Sales;0,1;0,9;C0029;M;37;false;0;0;P022;shoe;129,6;129,6;Puma;Casual;Flex;30;Brown Bear;true
V000321;L0000393;2024-09-26;13:14;S04;Standard;Centre-ville;127;9h/18h;open 6/7;23;E0019;2935;2017-04-01;Sales;0,1;0,9;C0142;M;27;true;0;10;P023;shoe;91,8;91,8;Jordans;Training;Zoom;37;Red Blood;true
V000321;L0000394;2024-09-26;13:14;S04;Standard;Centre-ville;127;9h/18h;open 6/7;23;E0019;2935;2017-04-01;Sales;0,1;0,9;C0142;M;27;true;0;10;A001;accessory;15;15;Accessoire;Tee-shirt;Tee-shirt;M;Black;false
V000322;L0000395;2024-03-21;15:43;S01;Discount;Peripherie;249;9h/19h;open 6/7;52;E0007;2413;2007-04-19;Sales;0,3;0,7;C0015;M;35;true;0;21;P025;shoe;211,6;211,6;Puma;Limited Edition;Zoom;30;Red Blood;false
V000323;L0000396;2024-04-19;16:16;S01;Discount;Peripherie;249;9h/19h;open 6/7;52;E0002;2722;2005-09-17;Sales;0,21;0,79;C0151;M;44;true;0;11;P022;shoe;119,23;119,23;Puma;Casual;Flex;30;Brown Bear;true
V000324;L0000397;2024-05-23;10:51;S01;Discount;Peripherie;249;9h/19h;open 6/7;52;E0005;2340;2021-03-17;Support;0,12;0,88;C0149;F;42;true;0;8;P023;shoe;84,46;84,46;Jordans;Training;Zoom;37;Red Blood;true
V000325;L0000398;2024-05-13;16:52;S06;Standard;Peripherie;110;9h/18h;open 5/7;17;E0035;2751;2007-08-16;Support;0,28;0,72;C0165;M;48;true;0;15;P012;shoe;156,6;156,6;Reebok;Casual;Flex;37;Classic Grey;true
V000326;L0000399;2024-09-12;10:33;S05;Standard;Peripherie;162;9h/19h;open 5/7;26;E0024;2857;2013-06-13;Sales;0,02;0,98;C0174;M;28;true;0;22;P059;shoe;228,48;228,48;Nike;Limited Edition;Flex;31;White;false
V000327;L0000400;2024-10-05;15:31;S04;Standard;Centre-ville;127;9h/18h;open 6/7;23;E0021;1926;2022-05-21;Sales;0,14;0,86;C0076;F;41;true;0;12;P022;shoe;129,6;129,6;Puma;Casual;Flex;30;Brown Bear;true
V000328;L0000401;2024-10-08;13:33;S06;Standard;Peripherie;110;9h/18h;open 5/7;17;E0032;2589;2017-11-13;Sales;0,25;0,75;C0159;M;30;false;0;0;P058;shoe;113,4;113,4;Reebok;Running;Flex;31;Gold;true
V000328;L0000402;2024-10-08;13:33;S06;Standard;Peripherie;110;9h/18h;open 5/7;17;E0032;2589;2017-11-13;Sales;0,25;0,75;C0159;M;30;false;0;0;A008;accessory;35;35;Accessoire;Lacets;Lacets;XS;Black;false
V000329;L0000403;2024-05-01;16:44;S02;Standard;Centre-ville;113;9h/18h;open 5/7;21;E0012;2633;2016-06-22;Sales;0,28;0,72;C0076;F;41;true;0;14;P050;shoe;144,72;144,72;New Balance;Training;Pro;35;Black;true
V000330;L0000404;2024-09-21;12:50;S04;Standard;Centre-ville;127;9h/18h;open 6/7;23;E0023;2374;2021-08-09;Manager;0,16;0,84;C0198;M;16;true;0;24;P031;shoe;249;249;Jordans;Limited Edition;Air;45;Brown Bear;false
V000331;L0000405;2024-05-27;12:16;S04;Standard;Centre-ville;127;9h/18h;open 6/7;23;E0021;1926;2022-05-21;Sales;0,14;0,86;C0095;M;34;true;0;12;P052;shoe;129;129;Jordans;Casual;Zoom;38;Black;false
V000332;L0000406;2024-02-28;15:09;S05;Standard;Peripherie;162;9h/19h;open 5/7;26;E0024;2857;2013-06-13;Sales;0,02;0,98;C0015;M;35;true;0;9;P001;shoe;93,64;93,64;Adidas;Training;Zoom;31;Classic Grey;true
V000333;L0000407;2024-11-12;12:02;S01;Discount;Peripherie;249;9h/19h;open 6/7;52;E0008;2461;2012-02-04;Sales;0,12;0,88;C0161;F;30;false;0;0;P063;shoe;103,33;103,33;Asics;Basketball;Zoom;30;Light Green;true
V000334;L0000408;2024-09-26;18:02;S01;Discount;Peripherie;249;9h/19h;open 6/7;52;E0002;2722;2005-09-17;Sales;0,21;0,79;C0001;M;57;true;0;7;P051;shoe;79,49;79,49;Puma;Training;Air;35;Gold;true
V000335;L0000409;2024-02-14;14:13;S01;Discount;Peripherie;249;9h/19h;open 6/7;52;E0005;2340;2021-03-17;Support;0,12;0,88;C0249;M;16;true;0;15;P020;shoe;157,98;157,98;Asics;Basketball;Zoom;41;Black;true
V000336;L0000410;2024-04-26;09:15;S03;Premium;Centre-ville;55;9h/19h;open 5/7;6;E0014;1993;2022-02-01;Sales;0,12;0,88;C0135;M;24;true;164;24;P017;shoe;242,6;259;Adidas;Limited Edition;Air;38;White;false
V000337;L0000411;2024-08-24;11:51;S01;Discount;Peripherie;249;9h/19h;open 6/7;52;E0008;2461;2012-02-04;Sales;0,12;0,88;C0086;M;23;false;0;0;P022;shoe;119,23;119,23;Puma;Casual;Flex;30;Brown Bear;true
V000338;L0000412;2024-10-22;10:33;S01;Discount;Peripherie;249;9h/19h;open 6/7;52;E0008;2461;2012-02-04;Sales;0,12;0,88;C0207;F;27;false;0;0;P009;shoe;72,68;72,68;Puma;Training;Pro;44;Electric Blue;false
V000339;L0000413;2024-12-25;15:18;S01;Discount;Peripherie;249;9h/19h;open 6/7;52;E0003;2555;2009-09-01;Sales;0,29;0,71;C0081;F;42;true;0;10;P063;shoe;103,33;103,33;Asics;Basketball;Zoom;30;Light Green;true
V000340;L0000414;2024-07-16;12:53;S02;Standard;Centre-ville;113;9h/18h;open 5/7;21;E0009;2815;2013-05-02;Sales;0,06;0,94;C0044;M;31;true;0;14;P050;shoe;144,72;144,72;New Balance;Training;Pro;35;Black;true
V000341;L0000415;2024-09-02;16:17;S03;Premium;Centre-ville;55;9h/19h;open 5/7;6;E0016;2967;2013-04-16;Sales;0,04;0,96;C0158;F;28;true;151;3;P035;shoe;38,42;60;Adidas;Training;Zoom;45;Sunny Yellow;false
V000342;L0000416;2024-12-30;12:35;S06;Standard;Peripherie;110;9h/18h;open 5/7;17;E0031;2609;2013-09-27;Sales;0,08;0,92;C0199;F;18;true;0;11;P015;shoe;110;110;Adidas;Basketball;Pro;40;Classic Grey;false
V000343;L0000417;2024-04-11;10:45;S05;Standard;Peripherie;162;9h/19h;open 5/7;26;E0030;2147;2019-05-22;Manager;0,13;0,87;C0167;F;63;false;0;0;P047;shoe;93,02;116,28;Jordans;Casual;Zoom;33;Pink;false
V000344;L0000418;2024-07-11;16:53;S05;Standard;Peripherie;162;9h/19h;open 5/7;26;E0027;2799;2020-01-04;Sales;0,08;0,92;C0075;M;43;true;0;26;P017;shoe;264,18;264,18;Adidas;Limited Edition;Air;38;White;false
V000345;L0000419;2024-02-13;14:52;S03;Premium;Centre-ville;55;9h/19h;open 5/7;6;E0016;2967;2013-04-16;Sales;0,04;0,96;C0198;M;16;true;0;27;P017;shoe;259;259;Adidas;Limited Edition;Air;38;White;false
V000345;L0000420;2024-02-13;14:52;S03;Premium;Centre-ville;55;9h/19h;open 5/7;6;E0016;2967;2013-04-16;Sales;0,04;0,96;C0198;M;16;true;0;27;A001;accessory;15;15;Accessoire;Tee-shirt;Tee-shirt;M;Black;false
V000346;L0000421;2024-08-08;09:07;S03;Premium;Centre-ville;55;9h/19h;open 5/7;6;E0017;3174;2015-08-12;Sales;0,07;0,93;C0019;M;29;true;0;7;P001;shoe;76,1;91,8;Adidas;Training;Zoom;31;Classic Grey;true
V000347;L0000422;2024-09-05;16:03;S01;Discount;Peripherie;249;9h/19h;open 6/7;52;E0006;2650;2014-04-09;Sales;0,29;0,71;C0064;F;33;true;0;15;P020;shoe;157,98;157,98;Asics;Basketball;Zoom;41;Black;true
V000348;L0000423;2024-07-30;15:56;S06;Standard;Peripherie;110;9h/18h;open 5/7;17;E0035;2751;2007-08-16;Support;0,28;0,72;C0219;F;43;true;0;9;P041;shoe;54;54;Reebok;Basketball;Max;34;Deep Purple;false
V000348;L0000424;2024-07-30;15:56;S06;Standard;Peripherie;110;9h/18h;open 5/7;17;E0035;2751;2007-08-16;Support;0,28;0,72;C0219;F;43;true;0;9;P056;shoe;37,8;37,8;Reebok;Casual;Max;34;White;true
V000349;L0000425;2024-02-29;14:50;S04;Standard;Centre-ville;127;9h/18h;open 6/7;23;E0023;2374;2021-08-09;Manager;0,16;0,84;C0076;F;41;true;0;14;P050;shoe;144,72;144,72;New Balance;Training;Pro;35;Black;true
V000350;L0000426;2024-06-26;09:18;S02;Standard;Centre-ville;113;9h/18h;open 5/7;21;E0012;2633;2016-06-22;Sales;0,28;0,72;C0097;M;49;true;0;14;P050;shoe;144,72;144,72;New Balance;Training;Pro;35;Black;true
V000351;L0000427;2024-11-11;11:32;S02;Standard;Centre-ville;113;9h/18h;open 5/7;21;E0009;2815;2013-05-02;Sales;0,06;0,94;C0254;F;29;false;0;0;P008;shoe;144;144;Asics;Training;Max;33;Sunny Yellow;false
V000352;L0000428;2024-09-11;15:32;S01;Discount;Peripherie;249;9h/19h;open 6/7;52;E0008;2461;2012-02-04;Sales;0,12;0,88;C0065;M;37;true;0;15;P008;shoe;132,48;132,48;Asics;Training;Max;33;Sunny Yellow;false
V000352;L0000429;2024-09-11;15:32;S01;Discount;Peripherie;249;9h/19h;open 6/7;52;E0008;2461;2012-02-04;Sales;0,12;0,88;C0065;M;37;true;0;15;A007;accessory;18,4;18,4;Accessoire;Bonnet;Bonnet;M;White;false
V000353;L0000430;2024-07-01;10:20;S02;Standard;Centre-ville;113;9h/18h;open 5/7;21;E0009;2815;2013-05-02;Sales;0,06;0,94;C0254;F;29;false;0;0;P003;shoe;85;85;Asics;Casual;Zoom;41;Black;false
V000354;L0000431;2024-10-07;10:15;S02;Standard;Centre-ville;113;9h/18h;open 5/7;21;E0009;2815;2013-05-02;Sales;0,06;0,94;C0242;M;35;true;306;7;P063;shoe;77,23;112,32;Asics;Basketball;Zoom;30;Light Green;true
V000355;L0000432;2024-09-03;17:48;S06;Standard;Peripherie;110;9h/18h;open 5/7;17;E0031;2609;2013-09-27;Sales;0,08;0,92;C0007;M;46;true;212;12;P039;shoe;123,52;144,72;Adidas;Training;Flex;35;Light Green;true
V000356;L0000433;2024-02-13;09:42;S02;Standard;Centre-ville;113;9h/18h;open 5/7;21;E0011;771;2023-08-23;Apprentice;0,18;0,82;C0097;M;49;true;0;9;P034;shoe;93,6;104;New Balance;Trail;Zoom;32;Red Blood;false
V000357;L0000434;2024-04-05;09:48;S05;Standard;Peripherie;162;9h/19h;open 5/7;26;E0026;2418;2010-07-01;Sales;0,29;0,71;C0048;F;44;true;183;4;P035;shoe;42,9;61,2;Adidas;Training;Zoom;45;Sunny Yellow;false
V000358;L0000435;2024-12-27;11:18;S06;Standard;Peripherie;110;9h/18h;open 5/7;17;E0033;2792;2012-08-16;Sales;0,11;0,89;C0062;F;34;true;0;8;P044;shoe;60;60;Adidas;Basketball;Max;31;Pink;false
V000358;L0000436;2024-12-27;11:18;S06;Standard;Peripherie;110;9h/18h;open 5/7;17;E0033;2792;2012-08-16;Sales;0,11;0,89;C0062;F;34;true;0;8;A005;accessory;25;25;Accessoire;Bonnet;Bonnet;S;Classic Grey;false
V000359;L0000437;2024-09-17;10:54;S03;Premium;Centre-ville;55;9h/19h;open 5/7;6;E0017;3174;2015-08-12;Sales;0,07;0,93;C0058;M;34;false;0;0;P033;shoe;77,09;85;Adidas;Basketball;Pro;38;Brown Bear;false
V000359;L0000438;2024-09-17;10:54;S03;Premium;Centre-ville;55;9h/19h;open 5/7;6;E0017;3174;2015-08-12;Sales;0,07;0,93;C0058;M;34;false;0;0;P017;shoe;217,3;259;Adidas;Limited Edition;Air;38;White;false
V000360;L0000439;2024-04-06;10:46;S01;Discount;Peripherie;249;9h/19h;open 6/7;52;E0008;2461;2012-02-04;Sales;0,12;0,88;C0108;F;22;true;0;10;P063;shoe;103,33;103,33;Asics;Basketball;Zoom;30;Light Green;true
V000361;L0000440;2024-02-29;13:07;S05;Standard;Peripherie;162;9h/19h;open 5/7;26;E0029;2293;2018-03-21;Sales;0,18;0,82;C0199;F;18;true;0;14;P046;shoe;147,9;147,9;Jordans;Running;Pro;41;Light Green;false
V000362;L0000441;2024-04-15;18:09;S01;Discount;Peripherie;249;9h/19h;open 6/7;52;E0002;2722;2005-09-17;Sales;0,21;0,79;C0083;F;30;true;0;11;P052;shoe;111,44;118,68;Jordans;Casual;Zoom;38;Black;false
V000363;L0000442;2024-03-21;14:51;S06;Standard;Peripherie;110;9h/18h;open 5/7;17;E0034;2671;2014-09-24;Support;0,24;0,76;C0131;F;20;true;0;11;P058;shoe;113,4;113,4;Reebok;Running;Flex;31;Gold;true
V000364;L0000443;2024-06-24;17:38;S05;Standard;Peripherie;162;9h/19h;open 5/7;26;E0025;926;2023-10-05;Apprentice;0,24;0,76;C0034;M;36;true;0;9;P007;shoe;95,93;100,98;Jordans;Running;Zoom;44;Premium Black;false
V000365;L0000444;2024-07-17;10:08;S02;Standard;Centre-ville;113;9h/18h;open 5/7;21;E0009;2815;2013-05-02;Sales;0,06;0,94;C0239;F;54;true;0;10;P040;shoe;105;105;New Balance;Running;Pro;32;Premium Black;false
V000366;L0000445;2024-11-20;17:53;S06;Standard;Peripherie;110;9h/18h;open 5/7;17;E0035;2751;2007-08-16;Support;0,28;0,72;C0034;M;36;true;0;7;P038;shoe;79;79;Reebok;Running;Pro;38;White;false
V000367;L0000446;2024-07-05;10:18;S01;Discount;Peripherie;249;9h/19h;open 6/7;52;E0008;2461;2012-02-04;Sales;0,12;0,88;C0024;F;34;true;0;9;P007;shoe;91,08;91,08;Jordans;Running;Zoom;44;Premium Black;false
V000368;L0000447;2024-05-20;09:31;S04;Standard;Centre-ville;127;9h/18h;open 6/7;23;E0020;2269;2013-07-19;Support;0,28;0,72;C0227;F;25;true;0;3;P062;shoe;35;35;Reebok;Training;Pro;35;Light Green;false
V000369;L0000448;2024-03-20;11:33;S04;Standard;Centre-ville;127;9h/18h;open 6/7;23;E0021;1926;2022-05-21;Sales;0,14;0,86;C0066;M;22;false;0;0;P011;shoe;85;85;Reebok;Trail;Max;42;Red Blood;false
V000370;L0000449;2024-09-13;13:57;S04;Standard;Centre-ville;127;9h/18h;open 6/7;23;E0022;2460;2008-01-17;Sales;0,25;0,75;C0218;M;20;true;0;14;P024;shoe;149;149;New Balance;Running;Max;37;Premium Black;false
V000371;L0000450;2024-02-14;13:47;S06;Standard;Peripherie;110;9h/18h;open 5/7;17;E0031;2609;2013-09-27;Sales;0,08;0,92;C0249;M;16;true;0;5;P056;shoe;37,8;37,8;Reebok;Casual;Max;34;White;true
V000371;L0000451;2024-02-14;13:47;S06;Standard;Peripherie;110;9h/18h;open 5/7;17;E0031;2609;2013-09-27;Sales;0,08;0,92;C0249;M;16;true;0;5;A001;accessory;15;15;Accessoire;Tee-shirt;Tee-shirt;M;Black;false
V000372;L0000452;2024-06-29;17:18;S04;Standard;Centre-ville;127;9h/18h;open 6/7;23;E0018;2458;2012-12-28;Support;0,21;0,79;C0086;M;23;false;0;0;P051;shoe;86,4;86,4;Puma;Training;Air;35;Gold;true
V000373;L0000453;2024-10-23;15:10;S03;Premium;Centre-ville;55;9h/19h;open 5/7;6;E0017;3174;2015-08-12;Sales;0,07;0,93;C0216;F;38;true;0;15;P001;shoe;91,8;91,8;Adidas;Training;Zoom;31;Classic Grey;true
V000373;L0000454;2024-10-23;15:10;S03;Premium;Centre-ville;55;9h/19h;open 5/7;6;E0017;3174;2015-08-12;Sales;0,07;0,93;C0216;F;38;true;0;15;P044;shoe;60;60;Adidas;Basketball;Max;31;Pink;false
V000374;L0000455;2024-12-27;16:52;S05;Standard;Peripherie;162;9h/19h;open 5/7;26;E0024;2857;2013-06-13;Sales;0,02;0,98;C0152;F;30;true;0;11;P015;shoe;112,2;112,2;Adidas;Basketball;Pro;40;Classic Grey;false
V000375;L0000456;2024-12-17;17:24;S01;Discount;Peripherie;249;9h/19h;open 6/7;52;E0002;2722;2005-09-17;Sales;0,21;0,79;C0023;M;26;true;0;10;P047;shoe;104,88;104,88;Jordans;Casual;Zoom;33;Pink;false
V000376;L0000457;2024-09-04;15:51;S04;Standard;Centre-ville;127;9h/18h;open 6/7;23;E0021;1926;2022-05-21;Sales;0,14;0,86;C0011;M;20;true;0;9;P023;shoe;91,8;91,8;Jordans;Training;Zoom;37;Red Blood;true
V000377;L0000458;2024-07-01;17:57;S04;Standard;Centre-ville;127;9h/18h;open 6/7;23;E0022;2460;2008-01-17;Sales;0,25;0,75;C0114;F;31;true;0;13;P024;shoe;134,25;149;New Balance;Running;Max;37;Premium Black;false
V000378;L0000459;2024-07-17;12:46;S01;Discount;Peripherie;249;9h/19h;open 6/7;52;E0007;2413;2007-04-19;Sales;0,3;0,7;C0199;F;18;true;0;21;P025;shoe;211,6;211,6;Puma;Limited Edition;Zoom;30;Red Blood;false
V000379;L0000460;2024-04-17;15:30;S05;Standard;Peripherie;162;9h/19h;open 5/7;26;E0029;2293;2018-03-21;Sales;0,18;0,82;C0254;F;29;false;0;0;P016;shoe;172,38;172,38;Nike;Running;Max;43;Classic Grey;false
V000379;L0000461;2024-04-17;15:30;S05;Standard;Peripherie;162;9h/19h;open 5/7;26;E0029;2293;2018-03-21;Sales;0,18;0,82;C0254;F;29;false;0;0;P018;shoe;86,7;86,7;Nike;Training;Elite;43;White;false
V000380;L0000462;2024-10-09;12:15;S01;Discount;Peripherie;249;9h/19h;open 6/7;52;E0001;2586;2013-03-21;Sales;0,24;0,76;C0018;F;39;true;0;11;P022;shoe;119,23;119,23;Puma;Casual;Flex;30;Brown Bear;true
V000381;L0000463;2024-09-12;15:03;S02;Standard;Centre-ville;113;9h/18h;open 5/7;21;E0009;2815;2013-05-02;Sales;0,06;0,94;C0103;M;36;true;108;29;P026;shoe;264,2;275;Asics;Limited Edition;Flex;40;Premium Black;false
V000381;L0000464;2024-09-12;15:03;S02;Standard;Centre-ville;113;9h/18h;open 5/7;21;E0009;2815;2013-05-02;Sales;0,06;0,94;C0103;M;36;true;108;29;A008;accessory;35;35;Accessoire;Lacets;Lacets;XS;Black;false
V000382;L0000465;2024-06-03;10:01;S06;Standard;Peripherie;110;9h/18h;open 5/7;17;E0033;2792;2012-08-16;Sales;0,11;0,89;C0030;M;43;true;0;6;P048;shoe;60;60;Reebok;Basketball;Flex;40;Pink;false
V000383;L0000466;2024-07-31;09:21;S02;Standard;Centre-ville;113;9h/18h;open 5/7;21;E0012;2633;2016-06-22;Sales;0,28;0,72;C0200;M;16;true;0;11;P063;shoe;112,32;112,32;Asics;Basketball;Zoom;30;Light Green;true
V000384;L0000467;2024-05-15;14:34;S02;Standard;Centre-ville;113;9h/18h;open 5/7;21;E0012;2633;2016-06-22;Sales;0,28;0,72;C0145;M;45;true;0;14;P050;shoe;144,72;144,72;New Balance;Training;Pro;35;Black;true
V000385;L0000468;2024-01-13;17:28;S01;Discount;Peripherie;249;9h/19h;open 6/7;52;E0001;2586;2013-03-21;Sales;0,24;0,76;C0049;M;37;true;0;15;P020;shoe;157,98;157,98;Asics;Basketball;Zoom;41;Black;true
V000386;L0000469;2024-09-19;16:03;S06;Standard;Peripherie;110;9h/18h;open 5/7;17;E0032;2589;2017-11-13;Sales;0,25;0,75;C0108;F;22;true;0;8;P001;shoe;87,67;91,8;Adidas;Training;Zoom;31;Classic Grey;true
V000387;L0000470;2024-12-23;13:14;S01;Discount;Peripherie;249;9h/19h;open 6/7;52;E0008;2461;2012-02-04;Sales;0,12;0,88;C0180;M;25;true;0;13;P046;shoe;133,4;133,4;Jordans;Running;Pro;41;Light Green;false
V000388;L0000471;2024-06-03;09:56;S01;Discount;Peripherie;249;9h/19h;open 6/7;52;E0008;2461;2012-02-04;Sales;0,12;0,88;C0253;F;56;true;0;9;P051;shoe;70,59;79,49;Puma;Training;Air;35;Gold;true
V000388;L0000472;2024-06-03;09:56;S01;Discount;Peripherie;249;9h/19h;open 6/7;52;E0008;2461;2012-02-04;Sales;0,12;0,88;C0253;F;56;true;0;9;A005;accessory;23;23;Accessoire;Bonnet;Bonnet;S;Classic Grey;false
V000389;L0000473;2024-06-17;15:00;S02;Standard;Centre-ville;113;9h/18h;open 5/7;21;E0012;2633;2016-06-22;Sales;0,28;0,72;C0063;F;30;false;0;0;P060;shoe;85;85;New Balance;Trail;Elite;45;Sunny Yellow;false
V000389;L0000474;2024-06-17;15:00;S02;Standard;Centre-ville;113;9h/18h;open 5/7;21;E0012;2633;2016-06-22;Sales;0,28;0,72;C0063;F;30;false;0;0;A006;accessory;20;20;Accessoire;Chaussettes;Chaussettes;L;Classic Grey;false
V000390;L0000475;2024-01-19;16:16;S01;Discount;Peripherie;249;9h/19h;open 6/7;52;E0008;2461;2012-02-04;Sales;0,12;0,88;C0173;F;35;true;0;13;P008;shoe;132,48;132,48;Asics;Training;Max;33;Sunny Yellow;false
V000391;L0000476;2024-05-03;11:24;S03;Premium;Centre-ville;55;9h/19h;open 5/7;6;E0015;2593;2019-01-12;Support;0,1;0,9;C0199;F;18;true;0;6;P044;shoe;60;60;Adidas;Basketball;Max;31;Pink;false
V000392;L0000477;2024-09-27;10:56;S05;Standard;Peripherie;162;9h/19h;open 5/7;26;E0027;2799;2020-01-04;Sales;0,08;0,92;C0147;F;16;false;0;0;P019;shoe;162,18;162,18;Adidas;Training;Elite;37;Black;false
V000393;L0000478;2024-02-06;10:19;S05;Standard;Peripherie;162;9h/19h;open 5/7;26;E0027;2799;2020-01-04;Sales;0,08;0,92;C0005;M;50;true;0;19;P001;shoe;93,64;93,64;Adidas;Training;Zoom;31;Classic Grey;true
V000393;L0000479;2024-02-06;10:19;S05;Standard;Peripherie;162;9h/19h;open 5/7;26;E0027;2799;2020-01-04;Sales;0,08;0,92;C0005;M;50;true;0;19;P044;shoe;61,2;61,2;Adidas;Basketball;Max;31;Pink;false
V000393;L0000480;2024-02-06;10:19;S05;Standard;Peripherie;162;9h/19h;open 5/7;26;E0027;2799;2020-01-04;Sales;0,08;0,92;C0005;M;50;true;0;19;A008;accessory;35,7;35,7;Accessoire;Lacets;Lacets;XS;Black;false